id,horodatage,volume,energie,pci,text
1,2022-10-18 00:00:00,0.06,0.67,11.17,17
2,2022-10-19 00:00:00,0.05,0.56,11.17,17
3,2022-10-20 00:00:00,0.13,1.45,11.17,17
4,2022-10-21 00:00:00,0.12,1.34,11.17,16
5,2022-10-22 00:00:00,0.19,2.12,11.17,16
6,2022-10-23 00:00:00,0.25,2.79,11.17,17
7,2022-10-24 00:00:00,0.05,0.56,11.17,15
8,2022-10-25 00:00:00,0.22,2.46,11.17,15
9,2022-10-26 00:00:00,0.05,0.56,11.17,17
10,2022-10-27 00:00:00,0.17,1.9,11.17,18
11,2022-10-28 00:00:00,0.05,0.56,11.17,18
12,2022-10-29 00:00:00,0.27,3.02,11.17,17
13,2022-10-30 00:00:00,0.18,2.01,11.17,12
14,2022-10-31 00:00:00,0.98,10.95,11.17,15
15,2022-11-01 00:00:00,0.82,9.16,11.17,13
16,2022-11-02 00:00:00,1.09,12.18,11.17,12
17,2022-11-03 00:00:00,2.84,31.73,11.17,11
18,2022-11-04 00:00:00,4.94,55.2,11.17,8
19,2022-11-05 00:00:00,6.15,68.72,11.17,9
20,2022-11-06 00:00:00,2.87,32.07,11.17,11
21,2022-11-07 00:00:00,0.97,10.84,11.17,13
22,2022-11-08 00:00:00,2.82,31.51,11.17,13
23,2022-11-09 00:00:00,3.92,43.8,11.17,10
24,2022-11-10 00:00:00,5.28,59,11.17,9
25,2022-11-11 00:00:00,4.38,48.94,11.17,9
26,2022-11-12 00:00:00,5,55.87,11.17,9
27,2022-11-13 00:00:00,4.94,55.2,11.17,8
28,2022-11-14 00:00:00,4.97,55.53,11.17,9
29,2022-11-15 00:00:00,6.48,72.4,11.17,10
30,2022-11-16 00:00:00,5.82,65.03,11.17,11
31,2022-11-17 00:00:00,4.52,50.39,11.15,10
32,2022-11-18 00:00:00,4.27,47.6,11.15,8
33,2022-11-19 00:00:00,7.03,78.37,11.15,6
34,2022-11-20 00:00:00,9.32,103.9,11.15,7
35,2022-11-21 00:00:00,11.97,133.44,11.15,6
36,2022-11-22 00:00:00,9.71,108.25,11.15,7
37,2022-11-23 00:00:00,8.06,89.85,11.15,9
38,2022-11-24 00:00:00,7.43,82.83,11.15,9
39,2022-11-25 00:00:00,7.43,82.83,11.15,7
40,2022-11-26 00:00:00,9.97,111.15,11.15,7
41,2022-11-27 00:00:00,7.76,86.51,11.15,8
42,2022-11-28 00:00:00,7.19,80.15,11.15,8
43,2022-11-29 00:00:00,10.74,119.73,11.15,6
44,2022-11-30 00:00:00,11.63,129.65,11.15,5
45,2022-12-01 00:00:00,12.4,138.24,11.15,4
46,2022-12-02 00:00:00,11.57,128.98,11.15,3
47,2022-12-03 00:00:00,15.03,167.55,11.15,2
48,2022-12-04 00:00:00,13.39,149.27,11.15,2
49,2022-12-05 00:00:00,11.63,129.65,11.15,1
50,2022-12-06 00:00:00,11.67,130.1,11.15,1
51,2022-12-07 00:00:00,12.36,137.79,11.15,1
52,2022-12-08 00:00:00,11.62,129.54,11.15,1
53,2022-12-09 00:00:00,12.82,142.92,11.15,0
54,2022-12-10 00:00:00,11.27,125.64,11.15,-1
55,2022-12-11 00:00:00,14.01,156.18,11.15,-2
56,2022-12-12 00:00:00,15.4,171.68,11.15,-3
57,2022-12-13 00:00:00,14.11,157.3,11.15,-2
58,2022-12-14 00:00:00,14.07,156.85,11.15,-1
59,2022-12-15 00:00:00,14.62,162.98,11.15,-2
60,2022-12-16 00:00:00,14.45,161.09,11.15,-2
61,2022-12-17 00:00:00,18.03,201.23,11.16,-4
62,2022-12-18 00:00:00,19.65,219.31,11.16,1
63,2022-12-19 00:00:00,11.62,129.69,11.16,9
64,2022-12-20 00:00:00,11.53,128.69,11.16,10
65,2022-12-21 00:00:00,10.09,112.61,11.16,10
66,2022-12-22 00:00:00,9.37,104.58,11.16,12
67,2022-12-23 00:00:00,6.11,68.19,11.16,12
68,2022-12-24 00:00:00,7.76,86.61,11.16,10
69,2022-12-25 00:00:00,8.53,95.2,11.16,11
70,2022-12-26 00:00:00,8.84,98.66,11.16,6
71,2022-12-27 00:00:00,11.09,123.78,11.16,7
72,2022-12-28 00:00:00,9.59,107.03,11.16,10
73,2022-12-29 00:00:00,7.11,79.35,11.16,8
74,2022-12-30 00:00:00,10.01,111.72,11.16,12
75,2022-12-31 00:00:00,5.4,60.27,11.16,14
76,2023-01-01 00:00:00,7.28,81.25,11.16,12
77,2023-01-02 00:00:00,6.07,67.75,11.16,8
78,2023-01-03 00:00:00,7.54,84.15,11.16,9
79,2023-01-04 00:00:00,5.17,57.7,11.16,12
80,2023-01-05 00:00:00,4.4,49.11,11.16,11
81,2023-01-06 00:00:00,5.49,61.27,11.16,11
82,2023-01-07 00:00:00,9.28,103.57,11.16,9
83,2023-01-08 00:00:00,9.24,103.13,11.16,7
84,2023-01-09 00:00:00,11.93,133.15,11.16,5
85,2023-01-10 00:00:00,8.77,97.88,11.16,9
86,2023-01-11 00:00:00,7.05,78.68,11.16,10
87,2023-01-12 00:00:00,8.73,97.44,11.16,10
88,2023-01-13 00:00:00,8.07,90.07,11.16,8
89,2023-01-14 00:00:00,8.03,89.62,11.16,9
90,2023-01-15 00:00:00,6.97,77.79,11.16,6
91,2023-01-16 00:00:00,12.1,135.05,11.16,3
92,2023-01-17 00:00:00,16.03,181.39,11.32,0
93,2023-01-18 00:00:00,13.53,153.1,11.32,0
94,2023-01-19 00:00:00,12.43,140.65,11.32,0
95,2023-01-20 00:00:00,11.15,126.17,11.32,2
96,2023-01-21 00:00:00,10.66,120.62,11.32,0
97,2023-01-22 00:00:00,11.95,135.22,11.32,0
98,2023-01-23 00:00:00,11.1,125.6,11.32,2
99,2023-01-24 00:00:00,12.13,137.26,11.32,1
100,2023-01-25 00:00:00,11.87,134.31,11.32,0
101,2023-01-26 00:00:00,10.72,121.3,11.32,4
102,2023-01-27 00:00:00,10.92,123.56,11.32,4
103,2023-01-28 00:00:00,10.17,115.08,11.32,1
104,2023-01-29 00:00:00,9.9,112.02,11.32,2
105,2023-01-30 00:00:00,9.73,110.1,11.32,4
106,2023-01-31 00:00:00,8.26,93.46,11.32,6
107,2023-02-01 00:00:00,9.67,109.42,11.32,7
108,2023-02-02 00:00:00,9.99,113.04,11.32,8
109,2023-02-03 00:00:00,6.54,74,11.32,8
110,2023-02-04 00:00:00,5.79,65.52,11.32,8
111,2023-02-05 00:00:00,5.98,67.67,11.32,5
112,2023-02-06 00:00:00,11.39,128.88,11.32,3
113,2023-02-07 00:00:00,11.93,134.99,11.32,0
114,2023-02-08 00:00:00,13.67,154.68,11.32,0
115,2023-02-09 00:00:00,14.26,161.36,11.32,3
116,2023-02-10 00:00:00,9.92,112.25,11.32,5
117,2023-02-11 00:00:00,10.49,118.7,11.32,6
118,2023-02-12 00:00:00,10.58,119.72,11.32,5
119,2023-02-13 00:00:00,12.26,138.73,11.32,3
120,2023-02-14 00:00:00,11.71,132.5,11.32,5
121,2023-02-15 00:00:00,10.71,121.19,11.32,7
122,2023-02-16 00:00:00,7.62,86.22,11.32,11
123,2023-02-17 00:00:00,3.83,42.53,11.11,12
124,2023-02-18 00:00:00,5.96,66.19,11.11,10
125,2023-02-19 00:00:00,4.09,45.42,11.11,7
126,2023-02-20 00:00:00,7.13,79.18,11.11,4
127,2023-02-21 00:00:00,6.33,70.3,11.11,7
128,2023-02-22 00:00:00,10.11,112.28,11.11,6
129,2023-02-23 00:00:00,7.94,88.18,11.11,6
130,2023-02-24 00:00:00,3.55,39.42,11.11,6
131,2023-02-25 00:00:00,7.07,78.52,11.11,4
132,2023-02-26 00:00:00,9.24,102.61,11.11,2
133,2023-02-27 00:00:00,11.78,130.82,11.11,2
134,2023-02-28 00:00:00,13.15,146.04,11.11,1
135,2023-03-01 00:00:00,12.84,142.59,11.11,1
136,2023-03-02 00:00:00,11.39,126.49,11.11,3
137,2023-03-03 00:00:00,9.42,104.61,11.11,3
138,2023-03-04 00:00:00,12.91,143.37,11.11,4
139,2023-03-05 00:00:00,14.32,159.03,11.11,4
140,2023-03-06 00:00:00,6.53,72.52,11.11,5
141,2023-03-07 00:00:00,8.8,97.73,11.11,6
142,2023-03-08 00:00:00,7.89,87.62,11.11,11
143,2023-03-09 00:00:00,4.95,54.97,11.11,11
144,2023-03-10 00:00:00,8.29,92.06,11.11,5
145,2023-03-11 00:00:00,8,88.84,11.11,6
146,2023-03-12 00:00:00,2.29,25.43,11.11,12
147,2023-03-13 00:00:00,0.94,10.44,11.11,13
148,2023-03-14 00:00:00,6.28,69.74,11.11,5
149,2023-03-15 00:00:00,7.34,81.51,11.11,7
150,2023-03-16 00:00:00,3.92,43.53,11.11,11
151,2023-03-17 00:00:00,0.01,0.11,11.11,11
152,2023-03-18 00:00:00,3.89,43.24,11.11,11
153,2023-03-19 00:00:00,6.2,68.91,11.11,7
154,2023-03-20 00:00:00,8.3,92.25,11.11,10
155,2023-03-21 00:00:00,4.85,53.91,11.11,11
156,2023-03-22 00:00:00,5.66,62.91,11.11,12
157,2023-03-23 00:00:00,3.77,41.9,11.11,13
158,2023-03-24 00:00:00,2.84,31.57,11.11,10
159,2023-03-25 00:00:00,2.82,31.34,11.11,10
160,2023-03-26 00:00:00,4.32,48.02,11.11,8
161,2023-03-27 00:00:00,4.75,52.8,11.11,7
162,2023-03-28 00:00:00,9.07,100.81,11.11,8
163,2023-03-29 00:00:00,3.38,37.57,11.11,15
164,2023-03-30 00:00:00,1.25,13.89,11.11,13
165,2023-03-31 00:00:00,3.57,39.68,11.11,12
166,2023-04-01 00:00:00,3.64,40.46,11.11,10
167,2023-04-02 00:00:00,6.7,74.47,11.11,7
168,2023-04-03 00:00:00,4.24,47.13,11.11,7
169,2023-04-04 00:00:00,4.5,50.02,11.11,5
170,2023-04-05 00:00:00,4.25,47.24,11.11,9
171,2023-04-06 00:00:00,3.57,39.68,11.11,9
172,2023-04-07 00:00:00,4.07,45.24,11.11,8
173,2023-04-08 00:00:00,3.2,35.57,11.11,8
174,2023-04-09 00:00:00,2.95,32.79,11.11,12
175,2023-04-10 00:00:00,4.24,47.13,11.11,11
176,2023-04-11 00:00:00,5.15,57.24,11.11,9
177,2023-04-12 00:00:00,2.71,30.12,11.11,9
178,2023-04-13 00:00:00,3.96,44.02,11.11,8
179,2023-04-14 00:00:00,8.68,96.48,11.11,7
180,2023-04-15 00:00:00,7.29,81.03,11.11,7
181,2023-04-16 00:00:00,4.27,47.46,11.11,9
182,2023-04-17 00:00:00,6.2,69.16,11.15,9
183,2023-04-18 00:00:00,4.08,45.51,11.15,11
184,2023-04-19 00:00:00,2.69,30.01,11.15,13
185,2023-04-20 00:00:00,2.44,27.22,11.15,7
186,2023-04-21 00:00:00,5.56,62.02,11.15,8
187,2023-04-22 00:00:00,3.89,43.39,11.15,11
188,2023-04-23 00:00:00,5.63,62.8,11.15,10
189,2023-04-24 00:00:00,4.8,53.54,11.15,10
190,2023-04-25 00:00:00,5.75,64.14,11.15,8
191,2023-04-26 00:00:00,5.98,66.71,11.15,10
192,2023-04-27 00:00:00,2.04,22.76,11.15,14
193,2023-04-28 00:00:00,0.93,10.37,11.15,15
194,2023-04-29 00:00:00,0.93,10.37,11.15,11
195,2023-04-30 00:00:00,2.4,26.77,11.15,13
196,2023-05-01 00:00:00,1.49,16.62,11.15,11
197,2023-05-02 00:00:00,2.22,24.76,11.15,13
198,2023-05-03 00:00:00,2.29,25.54,11.15,15
199,2023-05-04 00:00:00,0.31,3.46,11.15,16
200,2023-05-05 00:00:00,0.24,2.68,11.15,14
201,2023-05-06 00:00:00,0.26,2.9,11.15,15
202,2023-05-07 00:00:00,0.09,1,11.15,14
203,2023-05-08 00:00:00,0.23,2.57,11.15,15
204,2023-05-09 00:00:00,0.05,0.56,11.15,13
205,2023-05-10 00:00:00,0.87,9.7,11.15,13
206,2023-05-11 00:00:00,0.25,2.79,11.15,12
207,2023-05-12 00:00:00,1.06,11.82,11.15,11
208,2023-05-13 00:00:00,1.45,16.17,11.15,13
209,2023-05-14 00:00:00,0.18,2.01,11.15,13
210,2023-05-15 00:00:00,0.03,0.33,11.15,10
211,2023-05-16 00:00:00,2.39,26.66,11.15,11
212,2023-05-17 00:00:00,1.85,20.66,11.17,12
213,2023-05-18 00:00:00,2.14,23.89,11.17,11
214,2023-05-19 00:00:00,1.91,21.33,11.17,13
215,2023-05-20 00:00:00,0.81,9.04,11.17,14
216,2023-05-21 00:00:00,0.22,2.46,11.17,15
217,2023-05-22 00:00:00,0.15,1.67,11.17,15
218,2023-05-23 00:00:00,0.14,1.56,11.17,13
219,2023-05-24 00:00:00,0.14,1.56,11.17,13
220,2023-05-25 00:00:00,0.21,2.34,11.17,15
221,2023-05-26 00:00:00,0.21,2.34,11.17,15
222,2023-05-27 00:00:00,0.14,1.56,11.17,17
223,2023-05-28 00:00:00,0.35,3.91,11.17,18
224,2023-05-29 00:00:00,0.28,3.13,11.17,16
225,2023-05-30 00:00:00,0.03,0.33,11.17,16
226,2023-05-31 00:00:00,0.1,1.12,11.17,18
227,2023-06-01 00:00:00,0.31,3.46,11.17,18
228,2023-06-02 00:00:00,0.18,2.01,11.17,14
229,2023-06-03 00:00:00,0.11,1.23,11.17,17
230,2023-06-04 00:00:00,0.2,2.23,11.17,18
231,2023-06-05 00:00:00,0.05,0.56,11.17,18
232,2023-06-06 00:00:00,0.04,0.45,11.17,18
233,2023-06-07 00:00:00,0.24,2.68,11.17,21
234,2023-06-08 00:00:00,0.09,1,11.17,21
235,2023-06-09 00:00:00,0.11,1.23,11.17,24
236,2023-06-10 00:00:00,0.05,0.56,11.17,22
237,2023-06-11 00:00:00,0.15,1.67,11.17,18
238,2023-06-12 00:00:00,0,0,11.17,20
239,2023-06-13 00:00:00,0.17,1.9,11.17,22
240,2023-06-14 00:00:00,0.19,2.12,11.17,22
241,2023-06-15 00:00:00,0.39,4.35,11.17,22
242,2023-06-16 00:00:00,0.07,0.78,11.17,23
243,2023-06-17 00:00:00,0.23,2.57,11.19,24
244,2023-06-18 00:00:00,0.13,1.46,11.19,20
245,2023-06-19 00:00:00,0.09,1.01,11.19,20
246,2023-06-20 00:00:00,0.05,0.56,11.19,20
247,2023-06-21 00:00:00,0.12,1.34,11.19,21
248,2023-06-22 00:00:00,0.03,0.34,11.19,19
249,2023-06-23 00:00:00,0.2,2.24,11.19,21
250,2023-06-24 00:00:00,0.1,1.12,11.19,23
251,2023-06-25 00:00:00,0.42,4.7,11.19,24
252,2023-06-26 00:00:00,0,0,11.19,17
253,2023-06-27 00:00:00,0.11,1.23,11.19,18
254,2023-06-28 00:00:00,0.28,3.13,11.19,21
255,2023-06-29 00:00:00,0.21,2.35,11.19,17
256,2023-06-30 00:00:00,0.15,1.68,11.19,18
257,2023-07-01 00:00:00,0.1,1.12,11.19,18
258,2023-07-02 00:00:00,0.05,0.56,11.19,18
259,2023-07-03 00:00:00,0.3,3.36,11.19,18
260,2023-07-04 00:00:00,0.33,3.69,11.19,16
261,2023-07-05 00:00:00,0.09,1.01,11.19,16
262,2023-07-06 00:00:00,0.27,3.02,11.19,20
263,2023-07-07 00:00:00,0.24,2.69,11.19,25
264,2023-07-08 00:00:00,0.14,1.57,11.19,22
265,2023-07-09 00:00:00,0.27,3.02,11.19,19
266,2023-07-10 00:00:00,0.14,1.57,11.19,22
267,2023-07-11 00:00:00,0.2,2.24,11.19,22
268,2023-07-12 00:00:00,0.2,2.24,11.19,18
269,2023-07-13 00:00:00,0.25,2.8,11.19,18
270,2023-07-14 00:00:00,0,0,11.19,23
271,2023-07-15 00:00:00,0.3,3.36,11.19,20
272,2023-07-16 00:00:00,0.04,0.45,11.19,17
273,2023-07-17 00:00:00,0.07,0.78,11.09,18
274,2023-07-18 00:00:00,0.07,0.78,11.09,21
275,2023-07-19 00:00:00,0.08,0.89,11.09,18
276,2023-07-20 00:00:00,0.05,0.55,11.09,18
277,2023-07-21 00:00:00,0,0,11.09,17
278,2023-07-22 00:00:00,0.08,0.89,11.09,19
279,2023-07-23 00:00:00,0.03,0.33,11.09,19
280,2023-07-24 00:00:00,0.07,0.78,11.09,19
281,2023-07-25 00:00:00,0.02,0.22,11.09,15
282,2023-07-26 00:00:00,0,0,11.09,19
283,2023-07-27 00:00:00,0,0,11.09,18
284,2023-07-28 00:00:00,0,0,11.09,20
285,2023-07-29 00:00:00,0,0,11.09,19
286,2023-07-30 00:00:00,0,0,11.09,18
287,2023-07-31 00:00:00,0,0,11.09,18
288,2023-08-01 00:00:00,0,0,11.09,18
289,2023-08-02 00:00:00,0,0,11.09,18
290,2023-08-03 00:00:00,0,0,11.09,16
291,2023-08-04 00:00:00,0,0,11.09,16
292,2023-08-05 00:00:00,0,0,11.09,15
293,2023-08-06 00:00:00,0,0,11.09,15
294,2023-08-07 00:00:00,0,0,11.09,17
295,2023-08-08 00:00:00,0,0,11.09,18
296,2023-08-09 00:00:00,0,0,11.09,19
297,2023-08-10 00:00:00,0,0,11.09,22
298,2023-08-11 00:00:00,0,0,11.09,20
299,2023-08-12 00:00:00,0.18,2,11.09,19
300,2023-08-13 00:00:00,0.47,5.21,11.09,18
301,2023-08-14 00:00:00,0.19,2.11,11.09,20
302,2023-08-15 00:00:00,0.15,1.66,11.09,19
303,2023-08-16 00:00:00,0.1,1.11,11.09,21
304,2023-08-17 00:00:00,0.35,3.93,11.22,23
305,2023-08-18 00:00:00,0.1,1.12,11.22,25
306,2023-08-19 00:00:00,0.03,0.34,11.22,22
307,2023-08-20 00:00:00,0,0,11.22,21
308,2023-08-21 00:00:00,0.21,2.36,11.22,21
309,2023-08-22 00:00:00,0.1,1.12,11.22,22
310,2023-08-23 00:00:00,0.16,1.8,11.22,24
311,2023-08-24 00:00:00,0.24,2.69,11.22,23
312,2023-08-25 00:00:00,0.26,2.92,11.22,17
313,2023-08-26 00:00:00,0.04,0.45,11.22,16
314,2023-08-27 00:00:00,0.19,2.13,11.22,15
315,2023-08-28 00:00:00,0.14,1.57,11.22,15
316,2023-08-29 00:00:00,0.11,1.23,11.22,16
317,2023-08-30 00:00:00,0.35,3.93,11.22,15
318,2023-08-31 00:00:00,0.11,1.23,11.22,16
319,2023-09-01 00:00:00,0.12,1.35,11.22,19
320,2023-09-02 00:00:00,0.21,2.36,11.22,21
321,2023-09-03 00:00:00,0.48,5.39,11.22,24
322,2023-09-04 00:00:00,0.13,1.46,11.22,23
323,2023-09-05 00:00:00,0.1,1.12,11.22,25
324,2023-09-06 00:00:00,0.21,2.36,11.22,25
325,2023-09-07 00:00:00,0,0,11.22,24
326,2023-09-08 00:00:00,0.3,3.37,11.22,26
327,2023-09-09 00:00:00,0.21,2.36,11.22,26
328,2023-09-10 00:00:00,0.15,1.68,11.22,24
329,2023-09-11 00:00:00,0.06,0.67,11.22,18
330,2023-09-12 00:00:00,0.18,2.02,11.22,18
331,2023-09-13 00:00:00,0.19,2.13,11.22,17
332,2023-09-14 00:00:00,0.08,0.9,11.22,17
333,2023-09-15 00:00:00,0,0,11.22,20
334,2023-09-16 00:00:00,0.22,2.47,11.22,20
335,2023-09-17 00:00:00,0.34,3.81,11.2,19
336,2023-09-18 00:00:00,0.03,0.34,11.2,17
337,2023-09-19 00:00:00,0.13,1.46,11.2,17
338,2023-09-20 00:00:00,0.08,0.9,11.2,19
339,2023-09-21 00:00:00,0.14,1.57,11.2,14
340,2023-09-22 00:00:00,0.09,1.01,11.2,12
341,2023-09-23 00:00:00,0.16,1.79,11.2,12
342,2023-09-24 00:00:00,0.2,2.24,11.2,14
343,2023-09-25 00:00:00,0.08,0.9,11.2,18
344,2023-09-26 00:00:00,0.05,0.56,11.2,18
345,2023-09-27 00:00:00,0.14,1.57,11.2,19
346,2023-09-28 00:00:00,0.11,1.23,11.2,18
347,2023-09-29 00:00:00,0.12,1.34,11.2,15
348,2023-09-30 00:00:00,0.15,1.68,11.2,15
349,2023-10-01 00:00:00,0.25,2.8,11.2,19
350,2023-10-02 00:00:00,0,0,11.2,22
351,2023-10-03 00:00:00,0.12,1.34,11.2,14
352,2023-10-04 00:00:00,0.22,2.46,11.2,13
353,2023-10-05 00:00:00,0.13,1.46,11.2,12
354,2023-10-06 00:00:00,0.1,1.12,11.2,14
355,2023-10-07 00:00:00,0.29,3.25,11.2,16
356,2023-10-08 00:00:00,0.19,2.13,11.2,18
357,2023-10-09 00:00:00,0.08,0.9,11.2,16
358,2023-10-10 00:00:00,0.11,1.23,11.2,19
359,2023-10-11 00:00:00,0.16,1.8,11.26,18
360,2023-10-12 00:00:00,0.14,1.58,11.26,18
361,2023-10-13 00:00:00,0.06,0.68,11.26,19
362,2023-10-14 00:00:00,0.19,2.13,11.2,10
363,2023-10-15 00:00:00,0.34,3.81,11.2,8
364,2023-10-16 00:00:00,2.57,28.94,11.26,8
365,2023-10-17 00:00:00,4.63,51.13,11.04,11
366,2023-10-18 00:00:00,3.08,34.02,11.04,15
367,2023-10-19 00:00:00,0.97,10.71,11.04,16
368,2023-10-20 00:00:00,0,0,11.04,14
369,2023-10-21 00:00:00,3.32,36.67,11.04,12
370,2023-10-22 00:00:00,1.59,17.56,11.04,12
371,2023-10-23 00:00:00,2.91,32.14,11.04,11
372,2023-10-24 00:00:00,1.2,13.25,11.04,12
373,2023-10-25 00:00:00,0.81,8.95,11.04,12
374,2023-10-26 00:00:00,0.88,9.72,11.04,12
375,2023-10-27 00:00:00,1.16,12.81,11.04,11
376,2023-10-28 00:00:00,1.71,18.89,11.04,13
377,2023-10-29 00:00:00,1,11.04,11.04,12
378,2023-10-30 00:00:00,1.9,20.98,11.04,10
379,2023-10-31 00:00:00,2.49,27.5,11.04,13
380,2023-11-01 00:00:00,3.52,38.88,11.04,12
381,2023-11-02 00:00:00,4.77,52.68,11.04,9
382,2023-11-03 00:00:00,3.72,41.08,11.04,8
383,2023-11-04 00:00:00,5.2,57.43,11.04,10
384,2023-11-05 00:00:00,2.15,23.75,11.04,10
385,2023-11-06 00:00:00,2.68,29.6,11.04,9
386,2023-11-07 00:00:00,3.01,33.24,11.04,8
387,2023-11-08 00:00:00,6.79,74.99,11.04,10
388,2023-11-09 00:00:00,6.85,75.65,11.04,8
389,2023-11-10 00:00:00,8.6,94.98,11.04,7
390,2023-11-11 00:00:00,7.67,84.71,11.04,8
391,2023-11-12 00:00:00,6.69,73.89,11.04,11
392,2023-11-13 00:00:00,3.54,39.1,11.04,13
393,2023-11-14 00:00:00,4.23,46.72,11.04,11
394,2023-11-15 00:00:00,5.09,56.21,11.04,9
395,2023-11-16 00:00:00,6.11,67.48,11.04,8
396,2023-11-17 00:00:00,5.26,58.88,11.19,9
397,2023-11-18 00:00:00,4.52,50.6,11.19,12
398,2023-11-19 00:00:00,1.71,19.14,11.19,12
399,2023-11-20 00:00:00,3.81,42.65,11.19,10
400,2023-11-21 00:00:00,4.59,51.38,11.19,10
401,2023-11-22 00:00:00,5.13,57.43,11.19,7
402,2023-11-23 00:00:00,5.59,62.58,11.19,11
403,2023-11-24 00:00:00,7.58,84.85,11.19,6
404,2023-11-25 00:00:00,7.51,84.07,11.19,4
405,2023-11-26 00:00:00,8.27,92.58,11.19,4
406,2023-11-27 00:00:00,8.02,89.78,11.19,7
407,2023-11-28 00:00:00,8.14,91.12,11.19,4
408,2023-11-29 00:00:00,10.03,112.28,11.19,4
409,2023-11-30 00:00:00,10.08,112.84,11.19,4
410,2023-12-01 00:00:00,10.39,116.31,11.19,0
411,2023-12-02 00:00:00,12.42,139.03,11.19,0
412,2023-12-03 00:00:00,13.4,150,11.19,3
413,2023-12-04 00:00:00,14.19,158.84,11.19,7
414,2023-12-05 00:00:00,10.85,121.46,11.19,6
415,2023-12-06 00:00:00,11.91,133.32,11.19,4
416,2023-12-07 00:00:00,13.21,147.87,11.19,5
417,2023-12-08 00:00:00,7.91,88.55,11.19,8
418,2023-12-09 00:00:00,7.1,79.48,11.19,10
419,2023-12-10 00:00:00,5.67,63.47,11.19,10
420,2023-12-11 00:00:00,5.22,58.43,11.19,10
421,2023-12-12 00:00:00,4.94,55.3,11.19,10
422,2023-12-13 00:00:00,6.87,76.9,11.19,8
423,2023-12-14 00:00:00,7.51,84.07,11.19,7
424,2023-12-15 00:00:00,6.62,74.11,11.19,7
425,2023-12-16 00:00:00,9.69,108.47,11.19,4
426,2023-12-17 00:00:00,9.63,107.69,11.18,3
427,2023-12-18 00:00:00,14.12,157.9,11.18,3
428,2023-12-19 00:00:00,11.83,132.29,11.18,7
429,2023-12-20 00:00:00,9.88,110.48,11.18,8
430,2023-12-21 00:00:00,8.15,91.14,11.18,11
431,2023-12-22 00:00:00,8.1,90.58,11.18,10
432,2023-12-23 00:00:00,6.84,76.49,11.18,10
433,2023-12-24 00:00:00,4.09,45.74,11.18,11
434,2023-12-25 00:00:00,2.95,32.99,11.18,11
435,2023-12-26 00:00:00,6.03,67.43,11.18,10
436,2023-12-27 00:00:00,7.05,78.84,11.18,9
437,2023-12-28 00:00:00,6.41,71.68,11.18,10
438,2023-12-29 00:00:00,5.93,66.31,11.18,9
439,2023-12-30 00:00:00,5.3,59.27,11.18,9
440,2023-12-31 00:00:00,8.55,95.61,11.18,8
441,2024-01-01 00:00:00,9.16,102.43,11.18,9
442,2024-01-02 00:00:00,7.7,86.11,11.18,11
443,2024-01-03 00:00:00,8.8,98.41,11.18,9
444,2024-01-04 00:00:00,9.48,106.01,11.18,9
445,2024-01-05 00:00:00,10.66,119.21,11.18,6
446,2024-01-06 00:00:00,11.42,127.7,11.18,4
447,2024-01-07 00:00:00,10.13,113.28,11.18,2
448,2024-01-08 00:00:00,13.5,150.96,11.18,-2
449,2024-01-09 00:00:00,14.03,156.89,11.18,-3
450,2024-01-10 00:00:00,16.01,179.03,11.18,-3
451,2024-01-11 00:00:00,13.22,147.83,11.18,0
452,2024-01-12 00:00:00,12.12,135.53,11.18,2
453,2024-01-13 00:00:00,13.25,148.17,11.18,-2
454,2024-01-14 00:00:00,12.64,141.35,11.18,-2
455,2024-01-15 00:00:00,11.4,127.48,11.18,0
456,2024-01-16 00:00:00,12.19,136.31,11.18,-1
457,2024-01-17 00:00:00,12.07,135.61,11.24,0
458,2024-01-18 00:00:00,12.26,137.75,11.24,-2
459,2024-01-19 00:00:00,12.93,145.27,11.24,-3
460,2024-01-20 00:00:00,13.56,152.35,11.24,-2
461,2024-01-21 00:00:00,11.29,126.85,11.24,7
462,2024-01-22 00:00:00,7.56,84.94,11.24,9
463,2024-01-23 00:00:00,9.23,103.7,11.24,11
464,2024-01-24 00:00:00,4.72,53.03,11.24,11
465,2024-01-25 00:00:00,6.79,76.29,11.24,11
466,2024-01-26 00:00:00,7.21,81.01,11.24,6
467,2024-01-27 00:00:00,11.82,132.8,11.24,3
468,2024-01-28 00:00:00,10.45,117.41,11.24,5
469,2024-01-29 00:00:00,6.32,71.01,11.24,10
470,2024-01-30 00:00:00,7.17,80.56,11.24,8
471,2024-01-31 00:00:00,8.84,99.32,11.24,8
472,2024-02-01 00:00:00,8.9,99.99,11.24,7
473,2024-02-02 00:00:00,9.3,104.49,11.24,8
474,2024-02-03 00:00:00,5.19,58.31,11.24,9
475,2024-02-04 00:00:00,6.64,74.6,11.24,10
476,2024-02-05 00:00:00,6.46,72.58,11.24,8
477,2024-02-06 00:00:00,6.69,75.16,11.24,10
478,2024-02-07 00:00:00,4.99,56.06,11.24,12
479,2024-02-08 00:00:00,5.03,56.51,11.24,12
480,2024-02-09 00:00:00,6.04,67.86,11.24,11
481,2024-02-10 00:00:00,7.73,86.85,11.24,8
482,2024-02-11 00:00:00,8.24,92.58,11.24,7
483,2024-02-12 00:00:00,8.17,91.79,11.24,6
484,2024-02-13 00:00:00,8.53,95.84,11.24,8
485,2024-02-14 00:00:00,5.41,60.78,11.24,13
486,2024-02-15 00:00:00,2.58,28.99,11.24,14
487,2024-02-16 00:00:00,4.06,45.62,11.24,11
488,2024-02-17 00:00:00,4.67,51.7,11.07,10
489,2024-02-18 00:00:00,6.78,75.06,11.07,10
490,2024-02-19 00:00:00,6.47,71.63,11.07,9
491,2024-02-20 00:00:00,7.6,84.14,11.07,9
492,2024-02-21 00:00:00,8.9,98.53,11.07,10
493,2024-02-22 00:00:00,7.44,82.37,11.07,8
494,2024-02-23 00:00:00,9.36,103.62,11.07,5
495,2024-02-24 00:00:00,0.78,8.64,11.07,5
496,2024-02-25 00:00:00,0,0,11.07,7
497,2024-02-26 00:00:00,0,0,11.07,6
498,2024-02-27 00:00:00,0.8,8.86,11.07,5
499,2024-02-28 00:00:00,0,0,11.07,8
500,2024-02-29 00:00:00,0,0,11.07,8
501,2024-03-01 00:00:00,0.79,8.75,11.07,6
502,2024-03-02 00:00:00,10.73,118.79,11.07,6
503,2024-03-03 00:00:00,9.36,103.62,11.07,5
504,2024-03-04 00:00:00,8.2,90.78,11.07,7
505,2024-03-05 00:00:00,9.45,104.62,11.07,6
506,2024-03-06 00:00:00,8.2,90.78,11.07,5
507,2024-03-07 00:00:00,5.47,60.56,11.07,8
508,2024-03-08 00:00:00,6.27,69.41,11.07,8
509,2024-03-09 00:00:00,7.91,87.57,11.07,8
510,2024-03-10 00:00:00,7.13,78.93,11.07,7
511,2024-03-11 00:00:00,7.51,83.14,11.07,8
512,2024-03-12 00:00:00,7.89,87.35,11.07,10
513,2024-03-13 00:00:00,5.04,55.8,11.07,11
514,2024-03-14 00:00:00,2.6,28.78,11.07,13
515,2024-03-15 00:00:00,1.64,18.16,11.07,12
516,2024-03-16 00:00:00,1.94,21.48,11.07,12
517,2024-03-17 00:00:00,3.78,41.68,11.03,12
518,2024-03-18 00:00:00,2.25,24.81,11.03,11
519,2024-03-19 00:00:00,2.16,23.82,11.03,11
520,2024-03-20 00:00:00,2.78,30.65,11.03,12
521,2024-03-21 00:00:00,2.1,23.15,11.03,11
522,2024-03-22 00:00:00,3.78,41.68,11.03,9
523,2024-03-23 00:00:00,6.38,70.34,11.03,6
524,2024-03-24 00:00:00,6.2,68.36,11.03,6
525,2024-03-25 00:00:00,5.18,57.11,11.03,9
526,2024-03-26 00:00:00,8.18,90.19,11.03,8
527,2024-03-27 00:00:00,8.1,89.31,11.03,8
528,2024-03-28 00:00:00,6.1,67.26,11.03,8
529,2024-03-29 00:00:00,6.06,66.82,11.03,10
530,2024-03-30 00:00:00,4.98,54.91,11.03,9
531,2024-03-31 00:00:00,3.64,40.13,11.03,9
532,2024-04-01 00:00:00,4.48,49.4,11.03,9
533,2024-04-02 00:00:00,3.36,37.05,11.03,11
534,2024-04-03 00:00:00,2.45,27.01,11.03,13
535,2024-04-04 00:00:00,1.83,20.18,11.03,14
536,2024-04-05 00:00:00,1.32,14.55,11.03,15
537,2024-04-06 00:00:00,1.69,18.63,11.03,16
538,2024-04-07 00:00:00,0.23,2.54,11.03,13
539,2024-04-08 00:00:00,1.69,18.63,11.03,13
540,2024-04-09 00:00:00,3.24,35.72,11.03,8
541,2024-04-10 00:00:00,3.08,33.96,11.03,11
542,2024-04-11 00:00:00,1.67,18.41,11.03,14
543,2024-04-12 00:00:00,1.39,15.33,11.03,16
544,2024-04-13 00:00:00,0.06,0.66,11.03,17
545,2024-04-14 00:00:00,0.21,2.32,11.03,12
546,2024-04-15 00:00:00,0.12,1.32,11.03,9
547,2024-04-16 00:00:00,3.64,40.13,11.03,8
548,2024-04-17 00:00:00,4.75,52.76,11.11,6
549,2024-04-18 00:00:00,2.99,33.21,11.11,9
550,2024-04-19 00:00:00,6.41,71.2,11.11,8
551,2024-04-20 00:00:00,4.52,50.21,11.11,5
552,2024-04-21 00:00:00,4.59,50.98,11.11,6
553,2024-04-22 00:00:00,5.29,58.76,11.11,5
554,2024-04-23 00:00:00,4.11,45.65,11.11,8
555,2024-04-24 00:00:00,4.56,50.65,11.11,6
556,2024-04-25 00:00:00,5.4,59.98,11.11,8
557,2024-04-26 00:00:00,4.7,52.2,11.11,10
558,2024-04-27 00:00:00,6.21,68.98,11.11,11
559,2024-04-28 00:00:00,4.04,44.87,11.11,10
560,2024-04-29 00:00:00,2.17,24.1,11.11,12
561,2024-04-30 00:00:00,1.32,14.66,11.11,14
562,2024-05-01 00:00:00,1.26,14,11.11,12
563,2024-05-02 00:00:00,2.25,24.99,11.11,11
564,2024-05-03 00:00:00,1.69,18.77,11.11,10
565,2024-05-04 00:00:00,1.35,14.99,11.11,12
566,2024-05-05 00:00:00,1.61,17.88,11.11,13
567,2024-05-06 00:00:00,0.79,8.77,11.11,12
568,2024-05-07 00:00:00,1.15,12.77,11.11,13
569,2024-05-08 00:00:00,2.95,32.77,11.11,11
570,2024-05-09 00:00:00,2.85,31.66,11.11,14
571,2024-05-10 00:00:00,1.77,19.66,11.11,18
572,2024-05-11 00:00:00,0.05,0.56,11.11,19
573,2024-05-12 00:00:00,0.14,1.56,11.11,18
574,2024-05-13 00:00:00,0.19,2.11,11.11,16
575,2024-05-14 00:00:00,0.09,1.01,11.26,14
576,2024-05-15 00:00:00,0.2,2.22,11.11,14
577,2024-05-16 00:00:00,0.05,0.56,11.11,13
578,2024-05-17 00:00:00,0.17,1.88,11.06,14
579,2024-05-18 00:00:00,0.52,5.75,11.06,15
580,2024-05-19 00:00:00,0.24,2.65,11.06,14
581,2024-05-20 00:00:00,0.24,2.65,11.06,15
582,2024-05-21 00:00:00,0.19,2.1,11.06,14
583,2024-05-22 00:00:00,0.17,1.88,11.06,14
584,2024-05-23 00:00:00,0.19,2.1,11.06,15
585,2024-05-24 00:00:00,0,0,11.06,13
586,2024-05-25 00:00:00,0.18,1.99,11.06,17
587,2024-05-26 00:00:00,0.39,4.31,11.06,15
588,2024-05-27 00:00:00,0.05,0.55,11.06,13
589,2024-05-28 00:00:00,0.19,2.1,11.06,15
590,2024-05-29 00:00:00,0.15,1.66,11.06,15
591,2024-05-30 00:00:00,0.13,1.44,11.06,13
592,2024-05-31 00:00:00,0.92,10.17,11.06,13
593,2024-06-01 00:00:00,1.78,19.68,11.06,12
594,2024-06-02 00:00:00,0.83,9.18,11.06,13
595,2024-06-03 00:00:00,0.19,2.1,11.06,15
596,2024-06-04 00:00:00,0.28,3.1,11.06,17
597,2024-06-05 00:00:00,0.2,2.21,11.06,13
598,2024-06-06 00:00:00,0.02,0.22,11.06,13
599,2024-06-07 00:00:00,0.93,10.28,11.06,14
600,2024-06-08 00:00:00,2.33,25.76,11.06,14
601,2024-06-09 00:00:00,0.14,1.55,11.06,14
602,2024-06-10 00:00:00,0.1,1.11,11.06,12
603,2024-06-11 00:00:00,0.95,10.5,11.06,12
604,2024-06-12 00:00:00,1.58,17.47,11.06,12
605,2024-06-13 00:00:00,1.27,14.04,11.06,14
606,2024-06-14 00:00:00,0,0,11.06,15
607,2024-06-15 00:00:00,0.14,1.55,11.06,14
608,2024-06-16 00:00:00,0.4,4.42,11.06,15
609,2024-06-17 00:00:00,0.12,1.33,11.09,18
610,2024-06-18 00:00:00,0.19,2.11,11.09,17
611,2024-06-19 00:00:00,0.07,0.78,11.09,17
612,2024-06-20 00:00:00,0.01,0.11,11.09,17
613,2024-06-21 00:00:00,0,0,11.09,18
614,2024-06-22 00:00:00,0.29,3.22,11.09,15
615,2024-06-23 00:00:00,0.12,1.33,11.09,18
616,2024-06-24 00:00:00,0.16,1.77,11.09,20
617,2024-06-25 00:00:00,0.21,2.33,11.09,23
618,2024-06-26 00:00:00,0.06,0.67,11.09,23
619,2024-06-27 00:00:00,0.11,1.22,11.09,20
620,2024-06-28 00:00:00,0.23,2.55,11.09,16
621,2024-06-29 00:00:00,0.19,2.11,11.09,16
622,2024-06-30 00:00:00,0.23,2.55,11.09,18
623,2024-07-01 00:00:00,0.23,2.55,11.09,16
624,2024-07-02 00:00:00,0.08,0.89,11.09,16
625,2024-07-03 00:00:00,0.1,1.11,11.09,16
626,2024-07-04 00:00:00,0.22,2.44,11.09,16
627,2024-07-05 00:00:00,0.07,0.78,11.09,19
628,2024-07-06 00:00:00,0.26,2.88,11.09,15
629,2024-07-07 00:00:00,0.12,1.33,11.09,16
630,2024-07-08 00:00:00,0.08,0.89,11.09,18
631,2024-07-09 00:00:00,0.09,1,11.09,19
632,2024-07-10 00:00:00,0.12,1.33,11.09,19
633,2024-07-11 00:00:00,0.11,1.22,11.09,17
634,2024-07-12 00:00:00,0.06,0.67,11.09,15
635,2024-07-13 00:00:00,0.16,1.77,11.09,16
636,2024-07-14 00:00:00,0.08,0.89,11.09,18
637,2024-07-15 00:00:00,0.15,1.66,11.09,18
638,2024-07-16 00:00:00,0.04,0.44,11.09,17
639,2024-07-17 00:00:00,0.12,1.33,11.07,19
640,2024-07-18 00:00:00,0.35,3.88,11.07,24
641,2024-07-19 00:00:00,0,0,11.07,25
642,2024-07-20 00:00:00,0,0,11.07,23
643,2024-07-21 00:00:00,0,0,11.07,19
644,2024-07-22 00:00:00,0,0,11.07,20
645,2024-07-23 00:00:00,0,0,11.07,17
646,2024-07-24 00:00:00,0,0,11.07,19
647,2024-07-25 00:00:00,0,0,11.07,21
648,2024-07-26 00:00:00,0,0,11.07,19
649,2024-07-27 00:00:00,0,0,11.07,16
650,2024-07-28 00:00:00,0,0,11.07,20
651,2024-07-29 00:00:00,0,0,11.07,24
652,2024-07-30 00:00:00,0,0,11.07,27
653,2024-07-31 00:00:00,0,0,11.07,24
654,2024-08-01 00:00:00,0,0,11.07,23
655,2024-08-02 00:00:00,0,0,11.07,20
656,2024-08-03 00:00:00,0,0,11.07,19
657,2024-08-04 00:00:00,0,0,11.07,18
658,2024-08-05 00:00:00,0,0,11.07,21
659,2024-08-06 00:00:00,0,0,11.07,20
660,2024-08-07 00:00:00,0,0,11.07,19
661,2024-08-08 00:00:00,0,0,11.07,21
662,2024-08-09 00:00:00,0,0,11.07,19
663,2024-08-10 00:00:00,0,0,11.07,21
664,2024-08-11 00:00:00,0,0,11.07,25
665,2024-08-12 00:00:00,0,0,11.07,25
666,2024-08-13 00:00:00,0,0,11.07,21
667,2024-08-14 00:00:00,0,0,11.07,21
668,2024-08-15 00:00:00,0,0,11.07,21
669,2024-08-16 00:00:00,0,0,11.07,21
670,2024-08-17 00:00:00,0,0,11.23,17
671,2024-08-18 00:00:00,0,0,11.23,15
672,2024-08-19 00:00:00,0.12,1.35,11.23,17
673,2024-08-20 00:00:00,0.1,1.12,11.23,15
674,2024-08-21 00:00:00,0.16,1.8,11.23,16
675,2024-08-22 00:00:00,0.31,3.48,11.23,19
676,2024-08-23 00:00:00,0.27,3.03,11.23,20
677,2024-08-24 00:00:00,0.13,1.46,11.23,17
678,2024-08-25 00:00:00,0.03,0.34,11.23,15
679,2024-08-26 00:00:00,0.14,1.57,11.23,16
680,2024-08-27 00:00:00,0.14,1.57,11.23,16
681,2024-08-28 00:00:00,0.11,1.24,11.23,22
682,2024-08-29 00:00:00,0.47,5.28,11.23,18
683,2024-08-30 00:00:00,0.07,0.79,11.23,17
684,2024-08-31 00:00:00,0.2,2.25,11.23,18
685,2024-09-01 00:00:00,0.24,2.7,11.23,21
686,2024-09-02 00:00:00,0.17,1.91,11.23,20
687,2024-09-03 00:00:00,0.16,1.8,11.23,18
688,2024-09-04 00:00:00,0.13,1.46,11.23,17
689,2024-09-05 00:00:00,0.12,1.35,11.23,14
690,2024-09-06 00:00:00,0.16,1.8,11.23,18
691,2024-09-07 00:00:00,0.16,1.8,11.23,17
692,2024-09-08 00:00:00,0.2,2.25,11.23,16
693,2024-09-09 00:00:00,0.11,1.24,11.23,16
694,2024-09-10 00:00:00,0.09,1.01,11.23,14
695,2024-09-11 00:00:00,0.34,3.82,11.23,11
696,2024-09-12 00:00:00,0.26,2.92,11.23,10
697,2024-09-13 00:00:00,0.04,0.45,11.23,10
698,2024-09-14 00:00:00,0.16,1.8,11.23,11
699,2024-09-15 00:00:00,0.1,1.12,11.23,13
700,2024-09-16 00:00:00,0.24,2.7,11.23,14
701,2024-09-17 00:00:00,0,0,11.05,16
702,2024-09-18 00:00:00,0.09,0.99,11.05,18
703,2024-09-19 00:00:00,0.15,1.66,11.05,19
704,2024-09-20 00:00:00,0.05,0.55,11.05,16
705,2024-09-21 00:00:00,0.34,3.76,11.05,18
706,2024-09-22 00:00:00,0.2,2.21,11.05,16
707,2024-09-23 00:00:00,0.04,0.44,11.05,15
708,2024-09-24 00:00:00,0.14,1.55,11.05,14
709,2024-09-25 00:00:00,0.08,0.88,11.05,15
710,2024-09-26 00:00:00,0.08,0.88,11.05,15
711,2024-09-27 00:00:00,0.11,1.22,11.05,11
712,2024-09-28 00:00:00,1.05,11.6,11.05,9
713,2024-09-29 00:00:00,5.14,56.79,11.05,10
714,2024-09-30 00:00:00,1.96,21.66,11.05,14
715,2024-10-01 00:00:00,1.16,12.82,11.05,13
716,2024-10-02 00:00:00,1.04,11.49,11.05,13
717,2024-10-03 00:00:00,2.08,22.98,11.05,10
718,2024-10-04 00:00:00,2.88,31.82,11.05,9
719,2024-10-05 00:00:00,2.81,31.05,11.05,12
720,2024-10-06 00:00:00,1.71,18.89,11.05,14
721,2024-10-07 00:00:00,0.86,9.5,11.05,14
722,2024-10-08 00:00:00,1.38,15.25,11.05,15
723,2024-10-09 00:00:00,0.86,9.5,11.05,13
724,2024-10-10 00:00:00,1,11.05,11.05,11
725,2024-10-11 00:00:00,2.91,32.15,11.05,9
726,2024-10-12 00:00:00,1.97,21.77,11.05,11
727,2024-10-13 00:00:00,1.81,20,11.05,11
728,2024-10-14 00:00:00,1.89,20.88,11.05,14
729,2024-10-15 00:00:00,1.29,14.25,11.05,16
730,2024-10-16 00:00:00,0.89,9.83,11.05,19
731,2024-10-17 00:00:00,0.16,1.8,11.28,15
732,2024-10-18 00:00:00,0,0,11.28,13
733,2024-10-19 00:00:00,2.38,26.84,11.28,12
734,2024-10-20 00:00:00,1.51,17.03,11.28,15
735,2024-10-21 00:00:00,0.12,1.35,11.28,12
736,2024-10-22 00:00:00,0.95,10.71,11.28,10
737,2024-10-23 00:00:00,4.31,48.61,11.28,10
738,2024-10-24 00:00:00,3.61,40.72,11.28,13
739,2024-10-25 00:00:00,1.93,21.77,11.28,13
740,2024-10-26 00:00:00,1.93,21.77,11.28,13
741,2024-10-27 00:00:00,1.13,12.74,11.28,14
742,2024-10-28 00:00:00,0.86,9.7,11.28,13
743,2024-10-29 00:00:00,1.58,17.82,11.28,13
744,2024-10-30 00:00:00,0.88,9.93,11.28,13
745,2024-10-31 00:00:00,2.51,28.31,11.28,10
746,2024-11-01 00:00:00,2.6,29.32,11.28,9
747,2024-11-02 00:00:00,3.29,37.11,11.28,11
748,2024-11-03 00:00:00,4.61,51.99,11.28,8
749,2024-11-04 00:00:00,4.94,55.72,11.28,9
750,2024-11-05 00:00:00,6.2,69.93,11.28,9
751,2024-11-06 00:00:00,5.9,66.54,11.28,9
752,2024-11-07 00:00:00,4.31,48.61,11.28,10
753,2024-11-08 00:00:00,6.29,70.94,11.28,8
754,2024-11-09 00:00:00,4.7,53.01,11.28,10
755,2024-11-10 00:00:00,2.97,33.5,11.28,9
756,2024-11-11 00:00:00,5.1,57.52,11.28,9
757,2024-11-12 00:00:00,8.36,94.29,11.28,9
758,2024-11-13 00:00:00,8.34,94.06,11.28,7
759,2024-11-14 00:00:00,8.98,101.28,11.28,7
760,2024-11-15 00:00:00,7.7,86.84,11.28,8
761,2024-11-16 00:00:00,4.47,50.41,11.28,7
762,2024-11-17 00:00:00,6.69,74.87,11.19,7
763,2024-11-18 00:00:00,6.77,75.77,11.19,10
764,2024-11-19 00:00:00,6.85,76.66,11.19,8
765,2024-11-20 00:00:00,10.77,120.53,11.19,8
766,2024-11-21 00:00:00,14.92,166.98,11.19,-1
767,2024-11-22 00:00:00,15.71,175.82,11.19,1
768,2024-11-23 00:00:00,12.36,138.33,11.19,7
769,2024-11-24 00:00:00,4.81,53.83,11.19,15
770,2024-11-25 00:00:00,4.79,53.61,11.19,9
771,2024-11-26 00:00:00,6.86,76.77,11.19,8
772,2024-11-27 00:00:00,5.17,57.86,11.19,10
773,2024-11-28 00:00:00,5.88,65.81,11.19,5
774,2024-11-29 00:00:00,11.22,125.57,11.19,4
775,2024-11-30 00:00:00,9.35,104.64,11.19,4
776,2024-12-01 00:00:00,8.92,99.83,11.19,4
777,2024-12-02 00:00:00,6.33,70.84,11.19,8
778,2024-12-03 00:00:00,10.62,118.86,11.19,4
779,2024-12-04 00:00:00,11.9,133.18,11.19,5
780,2024-12-05 00:00:00,7.57,84.72,11.19,5
781,2024-12-06 00:00:00,4.54,50.81,11.19,9
782,2024-12-07 00:00:00,7.57,84.72,11.19,9
783,2024-12-08 00:00:00,5.2,58.2,11.19,7
784,2024-12-09 00:00:00,8.29,92.78,11.19,7
785,2024-12-10 00:00:00,9.9,110.8,11.19,5
786,2024-12-11 00:00:00,8.52,95.35,11.19,5
787,2024-12-12 00:00:00,10.13,113.37,11.19,3
788,2024-12-13 00:00:00,10.36,115.95,11.19,2
789,2024-12-14 00:00:00,11.09,124.12,11.19,4
790,2024-12-15 00:00:00,7.26,81.25,11.19,8
791,2024-12-16 00:00:00,6.28,70.28,11.19,8
792,2024-12-17 00:00:00,7.86,87.98,11.19,7
793,2024-12-18 00:00:00,6.38,71.42,11.19,12
794,2024-12-19 00:00:00,8.49,95.04,11.19,5
795,2024-12-20 00:00:00,9.48,106.12,11.19,6
796,2024-12-21 00:00:00,0.73,8.17,11.19,6
797,2024-12-22 00:00:00,0.7,7.84,11.19,6
798,2024-12-23 00:00:00,6.42,71.86,11.19,6
799,2024-12-24 00:00:00,12.35,138.24,11.19,9
800,2024-12-25 00:00:00,8.71,97.5,11.19,8
801,2024-12-26 00:00:00,9.14,102.31,11.19,8
802,2024-12-27 00:00:00,11.62,130.07,11.19,8
803,2024-12-28 00:00:00,11.75,131.53,11.19,0
804,2024-12-29 00:00:00,13.01,145.63,11.19,4
805,2024-12-30 00:00:00,12.93,144.74,11.19,3
806,2024-12-31 00:00:00,9.95,111.38,11.19,4
807,2025-01-01 00:00:00,10.53,117.87,11.19,7
808,2025-01-02 00:00:00,9.47,106.01,11.19,7
809,2025-01-03 00:00:00,12.36,138.36,11.19,7
810,2025-01-04 00:00:00,12.33,138.02,11.19,1
811,2025-01-05 00:00:00,8.13,91.01,11.19,12
812,2025-01-06 00:00:00,6.92,77.46,11.19,12
813,2025-01-07 00:00:00,8.63,96.6,11.19,12
814,2025-01-08 00:00:00,9.58,107.24,11.19,12
815,2025-01-09 00:00:00,8.61,96.38,11.19,3
816,2025-01-10 00:00:00,10.73,120.11,11.19,2
817,2025-01-11 00:00:00,13.13,146.98,11.19,2
818,2025-01-12 00:00:00,10.67,119.44,11.19,0
819,2025-01-13 00:00:00,13.27,148.54,11.19,-2
820,2025-01-14 00:00:00,13.22,147.98,11.19,-2
821,2025-01-15 00:00:00,11.29,126.38,11.19,5
822,2025-01-16 00:00:00,10.9,122.01,11.19,3
823,2025-01-17 00:00:00,11.66,129.1,11.07,1
824,2025-01-18 00:00:00,13.86,153.46,11.07,0
825,2025-01-19 00:00:00,10.23,113.26,11.07,1
826,2025-01-20 00:00:00,11.57,128.1,11.07,-1
827,2025-01-21 00:00:00,11.06,122.45,11.07,0
828,2025-01-22 00:00:00,10.68,118.25,11.07,5
829,2025-01-23 00:00:00,9.49,105.07,11.07,6
830,2025-01-24 00:00:00,6.53,72.3,11.07,9
831,2025-01-25 00:00:00,6.77,74.96,11.07,5
832,2025-01-26 00:00:00,13.02,144.16,11.07,6
833,2025-01-27 00:00:00,7.91,87.58,11.07,8
834,2025-01-28 00:00:00,8.3,91.9,11.07,8
835,2025-01-29 00:00:00,8.71,96.44,11.07,7
836,2025-01-30 00:00:00,7.88,87.25,11.07,4
837,2025-01-31 00:00:00,11.58,128.21,11.07,3
838,2025-02-01 00:00:00,11.64,128.88,11.07,1
839,2025-02-02 00:00:00,11.63,128.77,11.07,1
840,2025-02-03 00:00:00,9.29,102.86,11.07,1
841,2025-02-04 00:00:00,11.04,122.23,11.07,2
842,2025-02-05 00:00:00,11.74,129.98,11.07,5
843,2025-02-06 00:00:00,10.58,117.14,11.07,4
844,2025-02-07 00:00:00,11.14,123.34,11.07,3
845,2025-02-08 00:00:00,12.77,141.39,11.07,4
846,2025-02-09 00:00:00,8.89,98.43,11.07,4
847,2025-02-10 00:00:00,12.35,136.74,11.07,4
848,2025-02-11 00:00:00,10.57,117.03,11.07,3
849,2025-02-12 00:00:00,9.98,110.5,11.07,3
850,2025-02-13 00:00:00,9.56,105.85,11.07,3
851,2025-02-14 00:00:00,12.24,135.52,11.07,1
852,2025-02-15 00:00:00,12.21,135.19,11.07,1
853,2025-02-16 00:00:00,11.05,122.34,11.07,1
854,2025-02-17 00:00:00,9.91,110.66,11.17,2
855,2025-02-18 00:00:00,9.98,111.44,11.17,3
856,2025-02-19 00:00:00,8.99,100.39,11.17,6
857,2025-02-20 00:00:00,6.05,67.56,11.17,11
858,2025-02-21 00:00:00,4.74,52.93,11.17,12
859,2025-02-22 00:00:00,4.95,55.28,11.17,8
860,2025-02-23 00:00:00,6.32,70.57,11.17,9
861,2025-02-24 00:00:00,6.18,69.01,11.17,10
862,2025-02-25 00:00:00,7.69,85.87,11.17,6
863,2025-02-26 00:00:00,10.7,119.48,11.17,5
864,2025-02-27 00:00:00,10.34,115.46,11.17,4
865,2025-02-28 00:00:00,9.31,103.96,11.17,4
866,2025-03-01 00:00:00,11.8,131.77,11.17,4
867,2025-03-02 00:00:00,7.34,81.96,11.17,4
868,2025-03-03 00:00:00,7.2,80.4,11.17,4
869,2025-03-04 00:00:00,10.05,112.23,11.17,5
870,2025-03-05 00:00:00,4.99,55.72,11.17,8
871,2025-03-06 00:00:00,3.65,40.76,11.17,11
872,2025-03-07 00:00:00,3.08,34.39,11.17,11
873,2025-03-08 00:00:00,2.45,27.36,11.17,12
874,2025-03-09 00:00:00,3.03,33.84,11.17,11
875,2025-03-10 00:00:00,5.54,61.86,11.17,8
876,2025-03-11 00:00:00,8.04,89.78,11.17,6
877,2025-03-12 00:00:00,11.35,126.74,11.17,3
878,2025-03-13 00:00:00,10.86,121.27,11.17,2
879,2025-03-14 00:00:00,9.38,104.74,11.17,3
880,2025-03-15 00:00:00,9.6,107.2,11.17,4
881,2025-03-16 00:00:00,6.98,77.94,11.17,5
882,2025-03-17 00:00:00,5.48,61.32,11.19,6
883,2025-03-18 00:00:00,4.32,48.34,11.19,7
884,2025-03-19 00:00:00,3.71,41.51,11.19,11
885,2025-03-20 00:00:00,2.63,29.43,11.19,13
886,2025-03-21 00:00:00,4.05,45.32,11.19,13
887,2025-03-22 00:00:00,3.13,35.02,11.19,11
888,2025-03-23 00:00:00,4.21,47.11,11.19,8
889,2025-03-24 00:00:00,3.59,40.17,11.19,9
890,2025-03-25 00:00:00,5.98,66.91,11.19,9
891,2025-03-26 00:00:00,3.55,39.72,11.19,10
892,2025-03-27 00:00:00,3.8,42.52,11.19,8
893,2025-03-28 00:00:00,6.29,70.38,11.19,8
894,2025-03-29 00:00:00,3.41,38.16,11.19,8
895,2025-03-30 00:00:00,3.5,39.16,11.19,9
896,2025-03-31 00:00:00,3.47,38.83,11.19,9
897,2025-04-01 00:00:00,3.87,43.3,11.19,10
898,2025-04-02 00:00:00,2.83,31.67,11.19,12
899,2025-04-03 00:00:00,1.85,20.7,11.19,15
900,2025-04-04 00:00:00,1.1,12.31,11.19,17
901,2025-04-05 00:00:00,0.11,1.23,11.19,16
902,2025-04-06 00:00:00,0.14,1.57,11.19,11
903,2025-04-07 00:00:00,1.03,11.53,11.19,10
904,2025-04-08 00:00:00,2.36,26.41,11.19,11
905,2025-04-09 00:00:00,2.49,27.86,11.19,11
906,2025-04-10 00:00:00,2.11,23.61,11.19,9
907,2025-04-11 00:00:00,2.73,30.55,11.19,13
908,2025-04-12 00:00:00,1.86,20.81,11.19,15
909,2025-04-13 00:00:00,0.81,9.06,11.19,13
910,2025-04-14 00:00:00,2.64,29.54,11.19,13
911,2025-04-15 00:00:00,1.29,14.43,11.19,11
912,2025-04-16 00:00:00,2.32,25.96,11.19,10
913,2025-04-17 00:00:00,2.21,24.74,11.19,11
914,2025-04-18 00:00:00,2.03,22.72,11.19,13
915,2025-04-19 00:00:00,0.96,10.75,11.19,14
916,2025-04-20 00:00:00,0.48,5.37,11.19,11
917,2025-04-21 00:00:00,0.8,8.95,11.19,11
918,2025-04-22 00:00:00,1.87,20.93,11.19,11
919,2025-04-23 00:00:00,2.99,33.47,11.19,12
920,2025-04-24 00:00:00,1.67,18.69,11.19,10
921,2025-04-25 00:00:00,4.65,52.05,11.19,10
922,2025-04-26 00:00:00,2.56,28.65,11.19,13
923,2025-04-27 00:00:00,2.45,27.42,11.19,13
924,2025-04-28 00:00:00,1.27,14.22,11.19,16
925,2025-04-29 00:00:00,0.19,2.13,11.19,18
926,2025-04-30 00:00:00,0.05,0.56,11.19,20
927,2025-05-01 00:00:00,0.21,2.35,11.19,20
928,2025-05-02 00:00:00,0.18,2.01,11.19,20
929,2025-05-03 00:00:00,0.08,0.9,11.19,16
930,2025-05-04 00:00:00,0.37,4.14,11.19,10
931,2025-05-05 00:00:00,0.2,2.24,11.19,9
932,2025-05-06 00:00:00,1.95,21.83,11.19,11
933,2025-05-07 00:00:00,1.1,12.31,11.19,10
934,2025-05-08 00:00:00,2.23,24.96,11.19,12
935,2025-05-09 00:00:00,1.66,18.58,11.19,14
936,2025-05-10 00:00:00,0.26,2.91,11.19,17
937,2025-05-11 00:00:00,0.31,3.47,11.19,16
938,2025-05-12 00:00:00,0.11,1.23,11.19,14
939,2025-05-13 00:00:00,1.26,14.1,11.19,15
940,2025-05-14 00:00:00,0.12,1.34,11.19,17
941,2025-05-15 00:00:00,0.06,0.67,11.19,11
942,2025-05-16 00:00:00,0.12,1.34,11.19,13
943,2025-05-17 00:00:00,0.97,10.86,11.19,12
944,2025-05-18 00:00:00,1.06,11.86,11.19,13
945,2025-05-19 00:00:00,0.63,7.05,11.19,15
946,2025-05-20 00:00:00,0.22,2.46,11.19,17
947,2025-05-21 00:00:00,0.2,2.24,11.19,12
948,2025-05-22 00:00:00,0.12,1.34,11.19,13
949,2025-05-23 00:00:00,0.08,0.9,11.19,13
950,2025-05-24 00:00:00,0.18,2.01,11.19,16
951,2025-05-25 00:00:00,0.15,1.68,11.19,15
952,2025-05-26 00:00:00,0,0,11.19,15
953,2025-05-27 00:00:00,0.22,2.46,11.19,16
954,2025-05-28 00:00:00,0.13,1.46,11.19,15
955,2025-05-29 00:00:00,1.98,22.16,11.19,18
956,2025-05-30 00:00:00,0.94,10.52,11.19,21
957,2025-05-31 00:00:00,0.2,2.24,11.19,19
958,2025-06-01 00:00:00,0.29,3.25,11.19,16
959,2025-06-02 00:00:00,0.18,2.01,11.19,16
960,2025-06-03 00:00:00,0.32,3.58,11.19,18
961,2025-06-04 00:00:00,0.12,1.34,11.19,16
962,2025-06-05 00:00:00,0.15,1.68,11.19,15
963,2025-06-06 00:00:00,0.22,2.46,11.19,16
964,2025-06-07 00:00:00,0.57,6.38,11.19,15
965,2025-06-08 00:00:00,0.17,1.9,11.19,14
966,2025-06-09 00:00:00,0.15,1.68,11.19,15
967,2025-06-10 00:00:00,0.24,2.69,11.19,16
968,2025-06-11 00:00:00,0.39,4.37,11.19,20
969,2025-06-12 00:00:00,0.22,2.46,11.19,22
970,2025-06-13 00:00:00,0.17,1.9,11.19,23
971,2025-06-14 00:00:00,0.23,2.57,11.19,20
972,2025-06-15 00:00:00,0.32,3.58,11.19,16
973,2025-06-16 00:00:00,0.05,0.56,11.19,17
974,2025-06-17 00:00:00,0.15,1.68,11.21,20
975,2025-06-18 00:00:00,0.16,1.79,11.21,21
976,2025-06-19 00:00:00,0.03,0.34,11.21,23
977,2025-06-20 00:00:00,0.22,2.47,11.21,24
978,2025-06-21 00:00:00,0.2,2.24,11.21,26
979,2025-06-22 00:00:00,0.36,4.04,11.21,21
980,2025-06-23 00:00:00,0.25,2.8,11.21,18
981,2025-06-24 00:00:00,0.25,2.8,11.21,21
982,2025-06-25 00:00:00,0.36,4.04,11.21,23
983,2025-06-26 00:00:00,0.27,3.03,11.21,21
984,2025-06-27 00:00:00,0.14,1.57,11.21,21
985,2025-06-28 00:00:00,0.13,1.46,11.21,22
986,2025-06-29 00:00:00,0.37,4.15,11.21,23
987,2025-06-30 00:00:00,0.2,2.24,11.21,27
988,2025-07-01 00:00:00,0.17,1.91,11.23,28
989,2025-07-02 00:00:00,0.32,3.59,11.23,19
990,2025-07-03 00:00:00,0.19,2.13,11.23,18
991,2025-07-04 00:00:00,0.1,1.12,11.23,19
992,2025-07-05 00:00:00,0.27,3.03,11.23,19
993,2025-07-06 00:00:00,0.16,1.8,11.23,16
994,2025-07-07 00:00:00,0.12,1.35,11.23,15
995,2025-07-08 00:00:00,0.27,3.03,11.23,16
996,2025-07-09 00:00:00,0.26,2.92,11.23,19
997,2025-07-10 00:00:00,0.2,2.25,11.23,22
998,2025-07-11 00:00:00,0.19,2.13,11.23,23
999,2025-07-12 00:00:00,0.14,1.57,11.23,23
1000,2025-07-13 00:00:00,0.19,2.13,11.23,24
1001,2025-07-14 00:00:00,0.03,0.34,11.23,19
1002,2025-07-15 00:00:00,0.98,11,11.23,20
1003,2025-07-16 00:00:00,0.18,2.02,11.23,19
1004,2025-07-17 00:00:00,0.09,1.01,11.25,22
1005,2025-07-18 00:00:00,0.21,2.36,11.25,25
1006,2025-07-19 00:00:00,0.22,2.48,11.25,20
1007,2025-07-20 00:00:00,0.25,2.81,11.25,18
1008,2025-07-21 00:00:00,0.23,2.59,11.25,18
1009,2025-07-22 00:00:00,0.27,3.04,11.25,18
1010,2025-07-23 00:00:00,0.34,3.83,11.25,17
1011,2025-07-24 00:00:00,0.24,2.7,11.25,19
1012,2025-07-25 00:00:00,0.04,0.45,11.25,20
1013,2025-07-26 00:00:00,0.27,3.04,11.25,20
1014,2025-07-27 00:00:00,0.13,1.46,11.25,17
1015,2025-07-28 00:00:00,0.26,2.93,11.25,17
1016,2025-07-29 00:00:00,0.19,2.14,11.25,18
1017,2025-07-30 00:00:00,0.16,1.8,11.25,19
1018,2025-07-31 00:00:00,0.27,3.04,11.25,19
1019,2025-08-01 00:00:00,0.2,2.25,11.25,17
1020,2025-08-02 00:00:00,0,0,11.25,16
1021,2025-08-03 00:00:00,0,0,11.25,19
1022,2025-08-04 00:00:00,0,0,11.25,22
1023,2025-08-05 00:00:00,0,0,11.25,17
1024,2025-08-06 00:00:00,0,0,11.25,19
1025,2025-08-07 00:00:00,0,0,11.25,22
1026,2025-08-08 00:00:00,0,0,11.25,20
1027,2025-08-09 00:00:00,0,0,11.25,18
1028,2025-08-10 00:00:00,0,0,11.25,20
1029,2025-08-11 00:00:00,0,0,11.25,25
1030,2025-08-12 00:00:00,0,0,11.25,26
1031,2025-08-13 00:00:00,0,0,11.25,25
1032,2025-08-14 00:00:00,0,0,11.25,21
1033,2025-08-15 00:00:00,0.15,1.69,11.25,23
1034,2025-08-16 00:00:00,0.22,2.48,11.25,21
1035,2025-08-17 00:00:00,0.04,0.45,11.24,21
1036,2025-08-18 00:00:00,0.21,2.36,11.24,22
1037,2025-08-19 00:00:00,0.06,0.67,11.24,21
1038,2025-08-20 00:00:00,0.1,1.12,11.24,17
1039,2025-08-21 00:00:00,0.18,2.02,11.24,17
1040,2025-08-22 00:00:00,0.42,4.72,11.24,15
1041,2025-08-23 00:00:00,0.14,1.57,11.24,18
1042,2025-08-24 00:00:00,0.02,0.22,11.24,19
1043,2025-08-25 00:00:00,0.23,2.58,11.24,22
1044,2025-08-26 00:00:00,0.15,1.69,11.24,21
1045,2025-08-27 00:00:00,0.5,5.62,11.24,20
1046,2025-08-28 00:00:00,0.34,3.82,11.24,17
1047,2025-08-29 00:00:00,0.18,2.02,11.24,16
1048,2025-08-30 00:00:00,0.18,2.02,11.24,18
1049,2025-08-31 00:00:00,0.49,5.51,11.24,17
1050,2025-09-01 00:00:00,0.11,1.24,11.24,15
1051,2025-09-02 00:00:00,0.25,2.81,11.24,17
1052,2025-09-03 00:00:00,0.03,0.34,11.24,18
1053,2025-09-04 00:00:00,0.17,1.91,11.24,16
1054,2025-09-05 00:00:00,0.01,0.11,11.24,17
1055,2025-09-06 00:00:00,0.27,3.03,11.24,19
1056,2025-09-07 00:00:00,0.28,3.15,11.24,22
1057,2025-09-08 00:00:00,0.04,0.45,11.24,17
1058,2025-09-09 00:00:00,0.14,1.57,11.24,15
1059,2025-09-10 00:00:00,0.33,3.71,11.24,15
1060,2025-09-11 00:00:00,0.23,2.58,11.24,15
1061,2025-09-12 00:00:00,0.04,0.45,11.24,14
1062,2025-09-13 00:00:00,0.12,1.35,11.24,15
1063,2025-09-14 00:00:00,0.24,2.7,11.24,17
1064,2025-09-15 00:00:00,0.06,0.67,11.24,15
1065,2025-09-16 00:00:00,0.1,1.12,11.24,15
1066,2025-09-17 00:00:00,0.09,1.01,11.24,16
1067,2025-09-18 00:00:00,0,0,11.26,16
1068,2025-09-19 00:00:00,0.17,1.91,11.26,23
1069,2025-09-20 00:00:00,0.33,3.72,11.26,18
1070,2025-09-21 00:00:00,0.24,2.7,11.26,14
1071,2025-09-22 00:00:00,0.09,1.01,11.26,13
1072,2025-09-23 00:00:00,0.35,3.94,11.26,12
1073,2025-09-24 00:00:00,3.07,34.57,11.26,11
1074,2025-09-25 00:00:00,5.07,57.09,11.26,11
1075,2025-09-26 00:00:00,4.82,54.27,11.26,9
1076,2025-09-27 00:00:00,3.83,43.13,11.26,11
1077,2025-09-28 00:00:00,2.16,24.32,11.26,12
1078,2025-09-29 00:00:00,1.8,20.27,11.26,13
1079,2025-09-30 00:00:00,2.2,24.77,11.26,12
1080,2025-10-01 00:00:00,2.1,23.65,11.26,12
1081,2025-10-02 00:00:00,1.41,15.88,11.26,14
1082,2025-10-03 00:00:00,2.38,26.8,11.26,16
1083,2025-10-04 00:00:00,0.97,10.92,11.26,12
1084,2025-10-05 00:00:00,0.19,2.14,11.26,12
1085,2025-10-06 00:00:00,2.43,27.36,11.26,13
1086,2025-10-07 00:00:00,2.11,23.76,11.26,14
1087,2025-10-08 00:00:00,1.85,20.83,11.26,13
1088,2025-10-09 00:00:00,0.8,9.01,11.26,13
1089,2025-10-10 00:00:00,1.78,20.04,11.26,12
1090,2025-10-11 00:00:00,1.75,19.71,11.26,12
1091,2025-10-12 00:00:00,2.36,26.57,11.26,12
1092,2025-10-13 00:00:00,2.9,32.65,11.26,13
1093,2025-10-14 00:00:00,1.16,13.06,11.26,13
