date,temperature_2m_min,temperature_2m_max,temperature_2m_mean
2022-01-01,8.351,13.851,10.942666
2022-01-02,11.051,13.551,12.301
2022-01-03,9.951,12.101,10.928082
2022-01-04,3.401,10.101,7.6843324
2022-01-05,0.201,6.351,2.8655834
2022-01-06,-1.799,6.2009997,2.4426665
2022-01-07,3.951,7.401,5.4885
2022-01-08,2.301,8.801,6.2864165
2022-01-09,3.7510002,6.351,4.930166
2022-01-10,3.651,6.101,5.030166
2022-01-11,1.6010001,5.401,3.4134998
2022-01-12,-0.24900001,5.4509997,3.2030833
2022-01-13,0.551,5.101,2.8530836
2022-01-14,-0.84900004,7.101,1.936417
2022-01-15,-2.299,4.401,0.76558346
2022-01-16,-0.649,6.4509997,3.0572498
2022-01-17,0.40100002,7.8009996,5.1885
2022-01-18,0.40100002,8.451,3.5530834
2022-01-19,-0.34899998,7.9509997,4.4655833
2022-01-20,0.40100002,6.4509997,3.0489166
2022-01-21,-0.199,5.9509997,2.9030836
2022-01-22,2.901,6.5509996,4.328083
2022-01-23,2.851,4.8009996,3.8801663
2022-01-24,-1.799,7.0509996,1.6718334
2022-01-25,-2.049,2.5010002,0.5280834
2022-01-26,0.651,5.401,2.6030831
2022-01-27,2.601,8.101,5.948917
2022-01-28,4.5509996,9.701,6.9135003
2022-01-29,6.851,10.250999,9.178082
2022-01-30,2.801,9.301,7.1301665
2022-01-31,2.401,8.500999,6.2260003
2022-02-01,2.201,10.000999,7.528084
2022-02-02,7.3009996,10.851,9.340583
2022-02-03,4.4509997,9.051,6.967667
2022-02-04,3.301,11.051,6.871834
2022-02-05,2.551,9.401,5.698916
2022-02-06,6.601,10.601,9.159333
2022-02-07,3.2510002,9.601,6.8364177
2022-02-08,5.101,11.651,8.7135
2022-02-09,2.401,11.051,5.696834
2022-02-10,3.101,8.451,6.3030834
2022-02-11,-0.999,8.051,3.6009998
2022-02-12,-1.099,8.451,2.9426663
2022-02-13,-0.048999995,12.051,6.4614162
2022-02-14,5.251,11.451,8.053084
2022-02-15,3.351,9.801,7.105167
2022-02-16,8.951,14.401,12.298916
2022-02-17,8.801,12.851,10.986416
2022-02-18,4.8009996,12.401,9.6135
2022-02-19,2.401,9.551,6.3510003
2022-02-20,7.351,12.451,10.10725
2022-02-21,5.5509996,9.851,7.6030827
2022-02-22,4.751,12.250999,8.790584
2022-02-23,1.5009999,10.601,7.0864167
2022-02-24,3.351,11.151,7.042666
2022-02-25,2.101,9.601,5.2509995
2022-02-26,-1.299,9.351,3.7530832
2022-02-27,-0.399,9.601,3.9718332
2022-02-28,-0.499,12.051,5.146833
2022-03-01,4.2009997,10.000999,7.0864162
2022-03-02,4.851,11.101,7.3093333
2022-03-03,5.9509997,12.250999,8.83225
2022-03-04,6.101,9.301,7.4926667
2022-03-05,5.5509996,8.001,6.9968333
2022-03-06,1.301,8.101,5.1072493
2022-03-07,-1.4990001,6.3009996,2.4135
2022-03-08,-0.69899994,13.250999,5.511417
2022-03-09,4.2009997,14.201,8.525999
2022-03-10,7.351,16.201,11.105167
2022-03-11,8.301,12.601,10.071834
2022-03-12,5.901,12.051,8.965584
2022-03-13,5.601,10.000999,8.171834
2022-03-14,4.151,13.801,8.551002
2022-03-15,7.651,13.000999,9.784332
2022-03-16,7.651,16.801,11.792665
2022-03-17,3.701,12.201,8.3135
2022-03-18,2.651,14.750999,8.196834
2022-03-19,6.0509996,15.401,9.821834
2022-03-20,1.5510001,12.250999,6.796833
2022-03-21,4.151,16.851,10.528085
2022-03-22,5.751,16.601,11.011417
2022-03-23,2.451,17.051,9.5885
2022-03-24,3.651,18.551,11.048917
2022-03-25,5.401,17.801,11.446834
2022-03-26,5.401,18.051,11.503081
2022-03-27,6.351,19.501,12.144752
2022-03-28,4.8009996,20.201,12.603084
2022-03-29,6.851,16.151001,11.213501
2022-03-30,7.7009997,13.301,9.9385
2022-03-31,1.8010001,6.5509996,4.721833
2022-04-01,1.5009999,3.7510002,2.5634997
2022-04-02,-0.449,7.3009996,3.213499
2022-04-03,-1.099,7.751,3.3697498
2022-04-04,-1.1489999,8.401,4.5239167
2022-04-05,7.8009996,13.250999,10.51975
2022-04-06,6.5509996,13.051,10.305167
2022-04-07,7.651,13.401,10.721833
2022-04-08,2.451,8.051,5.08225
2022-04-09,0.651,10.101,5.590584
2022-04-10,-1.9989998,12.801,6.496834
2022-04-11,4.251,17.851,11.382249
2022-04-12,9.951,19.351,13.951001
2022-04-13,8.001,16.001,12.767666
2022-04-14,7.0509996,19.201,13.386416
2022-04-15,8.750999,19.351,13.884335
2022-04-16,7.7009997,18.501,12.767667
2022-04-17,6.001,19.401,12.39475
2022-04-18,5.151,17.451,11.4385
2022-04-19,7.751,15.801,11.265584
2022-04-20,6.151,18.751,12.43225
2022-04-21,6.151,18.851,12.921833
2022-04-22,8.851,17.201,13.18225
2022-04-23,9.051,18.451,12.740585
2022-04-24,9.701,17.101,13.384334
2022-04-25,6.8009996,15.750999,10.932251
2022-04-26,4.9509997,15.401,10.425999
2022-04-27,4.2009997,16.901,11.319749
2022-04-28,6.601,20.001,13.642666
2022-04-29,7.601,18.801,12.855166
2022-04-30,5.3009996,15.500999,10.703084
2022-05-01,5.0509996,16.251,11.20725
2022-05-02,9.401,16.201,12.971833
2022-05-03,7.5509996,17.551,12.709332
2022-05-04,8.851,16.951,12.36975
2022-05-05,8.701,17.951,13.017667
2022-05-06,7.351,20.751,14.123917
2022-05-07,9.500999,19.301,14.086417
2022-05-08,9.451,19.301,14.978084
2022-05-09,8.301,23.601,16.93225
2022-05-10,13.701,25.001,19.257252
2022-05-11,9.801,23.451,16.848915
2022-05-12,9.151,20.001,14.519752
2022-05-13,7.851,19.301,13.917667
2022-05-14,8.051,22.051,15.855167
2022-05-15,14.051,27.401,20.226
2022-05-16,15.151,23.451,19.4385
2022-05-17,12.750999,28.001,21.188501
2022-05-18,13.951,26.251,20.673918
2022-05-19,15.000999,22.201,18.792665
2022-05-20,12.601,18.301,15.576
2022-05-21,10.401,20.201,15.544751
2022-05-22,10.101,22.201,17.242666
2022-05-23,12.301,18.251,15.605165
2022-05-24,9.000999,16.801,12.490582
2022-05-25,7.8009996,17.901,13.719749
2022-05-26,11.851,18.551,15.375999
2022-05-27,9.750999,19.301,14.459334
2022-05-28,9.051,18.801,13.776
2022-05-29,7.251,14.151,11.361416
2022-05-30,7.101,16.801,12.3385
2022-05-31,8.051,18.501,13.526
2022-06-01,6.4509997,20.251,13.611416
2022-06-02,8.901,22.501,16.403082
2022-06-03,12.750999,24.951,17.353085
2022-06-04,13.801,27.301,19.840584
2022-06-05,12.851,22.351,17.161417
2022-06-06,11.500999,19.701,16.076
2022-06-07,14.101,21.651,17.423916
2022-06-08,13.201,20.051,16.605165
2022-06-09,11.151,19.001,15.415584
2022-06-10,12.951,20.901,17.603083
2022-06-11,13.701,22.751,18.5135
2022-06-12,9.801,21.501,15.74475
2022-06-13,10.351,21.151,16.196833
2022-06-14,11.000999,24.751,18.5385
2022-06-15,13.601,28.151,21.3135
2022-06-16,13.500999,29.001,21.965584
2022-06-17,16.101,32.201,25.140581
2022-06-18,18.201,36.001003,27.825998
2022-06-19,15.000999,24.401,18.936419
2022-06-20,14.201,22.401,17.751001
2022-06-21,13.701,23.851,18.521833
2022-06-22,15.301,26.001,20.6135
2022-06-23,17.601,25.801,21.26975
2022-06-24,16.151001,23.151,19.298918
2022-06-25,13.601,17.651,15.890584
2022-06-26,10.551,21.501,16.565582
2022-06-27,12.401,21.351,16.740583
2022-06-28,10.301,24.001,17.901001
2022-06-29,11.000999,23.801,17.548916
2022-06-30,10.851,18.551,14.340585
2022-07-01,9.801,20.401,15.78225
2022-07-02,10.250999,24.801,18.055166
2022-07-03,11.750999,21.951,16.861416
2022-07-04,10.750999,23.101,17.021833
2022-07-05,11.201,23.201,17.253084
2022-07-06,10.951,24.101,18.248917
2022-07-07,14.201,22.101,18.165585
2022-07-08,11.151,26.501,19.321835
2022-07-09,13.601,27.851,20.871836
2022-07-10,13.601,26.601,20.940582
2022-07-11,15.851,30.151,23.6885
2022-07-12,17.601,32.251,25.490583
2022-07-13,18.101,34.401,26.401
2022-07-14,17.801,28.351,22.863503
2022-07-15,14.750999,26.151,20.696833
2022-07-16,12.951,28.501,21.909332
2022-07-17,16.201,31.651,24.467667
2022-07-18,19.151,38.351,29.365583
2022-07-19,23.451,39.401,30.113497
2022-07-20,18.351,24.301,21.09267
2022-07-21,16.001,25.401,20.9385
2022-07-22,17.151,24.901,20.871836
2022-07-23,16.551,23.951,20.236418
2022-07-24,16.601,30.851,24.209333
2022-07-25,17.451,25.701,20.9885
2022-07-26,15.151,21.851,18.526001
2022-07-27,12.401,23.751,19.017668
2022-07-28,14.500999,25.901,20.313501
2022-07-29,14.801,28.701,22.186415
2022-07-30,16.251,29.401,22.523916
2022-07-31,16.151001,27.801,21.461416
2022-08-01,18.701,27.001,22.126
2022-08-02,14.750999,29.551,22.642668
2022-08-03,17.751,34.151,25.890581
2022-08-04,18.251,26.251,21.398918
2022-08-05,14.951,24.501,19.319752
2022-08-06,12.051,24.051,18.6135
2022-08-07,13.651,26.001,20.19475
2022-08-08,13.901,27.851,21.365585
2022-08-09,15.551,29.651,23.103086
2022-08-10,17.651,32.201,25.317667
2022-08-11,18.301,32.301003,25.617668
2022-08-12,17.551,33.101,25.676
2022-08-13,16.901,32.401,25.21975
2022-08-14,18.201,27.451,21.676
2022-08-15,16.551,27.151,20.792665
2022-08-16,17.601,24.401,20.3635
2022-08-17,15.651,24.001,19.75308
2022-08-18,14.651,25.901,19.930166
2022-08-19,14.401,24.301,19.555166
2022-08-20,12.601,23.251,18.117668
2022-08-21,12.401,25.201,18.723917
2022-08-22,14.651,25.151,20.584333
2022-08-23,17.201,27.101,22.048918
2022-08-24,17.001,31.451,24.188501
2022-08-25,17.801,28.451,21.765587
2022-08-26,15.451,25.301,20.301
2022-08-27,13.801,25.051,19.29475
2022-08-28,14.000999,24.651,19.851
2022-08-29,16.501,27.651,21.773918
2022-08-30,16.251,27.901,21.513498
2022-08-31,14.651,26.751,20.734335
2022-09-01,14.201,27.401,20.530167
2022-09-02,16.751,23.051,19.371832
2022-09-03,15.401,23.601,19.230165
2022-09-04,14.250999,27.601,21.528086
2022-09-05,17.101,25.251,21.453085
2022-09-06,15.750999,25.951,19.917665
2022-09-07,15.500999,22.901,18.096834
2022-09-08,14.301,22.601,17.4885
2022-09-09,14.651,21.401,16.80725
2022-09-10,12.250999,19.751,16.467667
2022-09-11,10.701,22.401,16.976002
2022-09-12,13.301,26.901,20.015583
2022-09-13,18.301,25.451,20.967669
2022-09-14,15.500999,24.451,20.253084
2022-09-15,13.750999,21.551,17.221834
2022-09-16,9.500999,16.801,13.986416
2022-09-17,8.001,15.750999,11.871833
2022-09-18,7.651,18.251,12.592668
2022-09-19,7.851,17.151,12.594752
2022-09-20,7.401,17.101,12.467667
2022-09-21,7.7009997,18.751,13.188499
2022-09-22,7.351,19.951,13.432251
2022-09-23,9.701,19.701,14.190582
2022-09-24,11.201,16.051,13.382249
2022-09-25,9.301,16.701,12.7197485
2022-09-26,10.351,14.701,12.463502
2022-09-27,10.250999,13.801,11.7385
2022-09-28,9.101,14.201,11.596833
2022-09-29,6.751,15.301,10.590584
2022-09-30,5.3009996,17.651,11.861416
2022-10-01,13.651,19.551,16.353085
2022-10-02,8.701,19.501,14.740584
2022-10-03,8.201,17.501,11.946834
2022-10-04,7.851,19.601,13.959334
2022-10-05,11.401,21.251,15.926
2022-10-06,8.851,17.201,12.944752
2022-10-07,5.4509997,18.101,11.644752
2022-10-08,8.201,16.951,12.636416
2022-10-09,5.351,18.601,11.596833
2022-10-10,10.051,19.201,13.890583
2022-10-11,6.7009997,16.451,10.798917
2022-10-12,5.9509997,19.001,12.546834
2022-10-13,11.201,15.101,13.380169
2022-10-14,13.551,16.551,14.511418
2022-10-15,13.951,18.751,16.153082
2022-10-16,12.801,18.801,15.834334
2022-10-17,13.551,18.701,16.688501
2022-10-18,13.351,19.801,16.551
2022-10-19,14.000999,21.151,17.432253
2022-10-20,15.000999,20.651,17.305166
2022-10-21,13.851,20.251,16.734335
2022-10-22,12.451,19.801,16.046835
2022-10-23,15.250999,21.301,17.178083
2022-10-24,13.051,17.501,15.350999
2022-10-25,12.351,18.501,15.178085
2022-10-26,14.351,20.301,17.090582
2022-10-27,13.701,22.651,17.798918
2022-10-28,15.101,21.601,18.232248
2022-10-29,14.250999,23.101,18.659334
2022-10-30,10.500999,16.451,13.992667
2022-10-31,9.750999,19.051,14.467668
2022-11-01,10.000999,16.451,13.240584
2022-11-02,8.401,14.701,12.10725
2022-11-03,8.851,15.351,12.042666
2022-11-04,7.351,11.951,9.465584
2022-11-05,6.3009996,11.401,9.405167
2022-11-06,9.701,12.901,11.050999
2022-11-07,11.651,15.551,13.200999
2022-11-08,12.351,16.051,13.871831
2022-11-09,8.651,14.601,11.8885
2022-11-10,7.4509997,13.401,10.021832
2022-11-11,6.251,12.500999,9.017665
2022-11-12,7.8009996,15.750999,10.888501
2022-11-13,7.651,14.101,9.928083
2022-11-14,7.101,15.051,10.461416
2022-11-15,8.901,12.951,10.8635
2022-11-16,8.001,13.101,10.757249
2022-11-17,8.301,12.750999,10.811417
2022-11-18,5.8009996,11.451,8.594749
2022-11-19,4.251,10.601,6.8489175
2022-11-20,4.351,10.551,7.490582
2022-11-21,5.251,9.451,7.2780833
2022-11-22,4.7009997,10.351,7.8322487
2022-11-23,4.901,11.801,8.623916
2022-11-24,6.601,12.301,9.948916
2022-11-25,5.351,12.151,8.546833
2022-11-26,4.401,9.250999,7.0905843
2022-11-27,7.251,10.451,8.759334
2022-11-28,6.0509996,10.651,8.3135
2022-11-29,3.701,7.501,6.165584
2022-11-30,4.601,6.501,5.921833
2022-12-01,2.901,6.0509996,4.886416
2022-12-02,1.201,6.001,3.9593332
2022-12-03,2.301,4.101,3.1468334
2022-12-04,0.75100005,3.651,2.6780837
2022-12-05,1.6010001,3.151,2.3905835
2022-12-06,0.95100003,6.0509996,3.0739164
2022-12-07,0.0010000169,5.9509997,2.19475
2022-12-08,0.95100003,3.701,2.2655838
2022-12-09,-0.449,2.351,0.8718334
2022-12-10,-2.349,3.7510002,0.27599996
2022-12-11,-2.949,0.701,-1.5698334
2022-12-12,-2.7489998,1.3510001,-1.249
2022-12-13,-3.449,1.1010001,-1.6510831
2022-12-14,-1.9489999,0.40100002,-0.7406667
2022-12-15,-3.599,2.351,-1.0510832
2022-12-16,-3.799,4.351,-0.69691664
2022-12-17,-4.649,0.10100001,-2.7489996
2022-12-18,-4.2990003,6.4509997,0.53849995
2022-12-19,6.601,11.151,8.81975
2022-12-20,10.151,12.101,11.192666
2022-12-21,7.3009996,12.201,9.83225
2022-12-22,10.701,13.401,12.219749
2022-12-23,10.451,14.451,12.600999
2022-12-24,8.851,12.051,10.609332
2022-12-25,8.750999,13.701,10.828083
2022-12-26,4.251,10.500999,8.336417
2022-12-27,3.951,9.051,6.328083
2022-12-28,9.000999,11.551,10.207252
2022-12-29,5.7009997,11.551,9.098916
2022-12-30,5.7009997,14.451,10.696835
2022-12-31,14.651,16.201,15.401004
2023-01-01,11.601,14.601,12.890583
2023-01-02,6.401,12.750999,9.346833
2023-01-03,5.5509996,10.351,8.178083
2023-01-04,10.101,13.801,12.380169
2023-01-05,9.701,13.250999,11.780166
2023-01-06,9.500999,13.101,11.215583
2023-01-07,7.0509996,10.951,9.24475
2023-01-08,6.101,10.701,8.490583
2023-01-09,4.8009996,8.051,6.6364155
2023-01-10,3.451,12.250999,8.101001
2023-01-11,8.601,12.351,10.311416
2023-01-12,9.551,12.101,11.007249
2023-01-13,6.401,10.500999,8.74475
2023-01-14,7.601,12.801,10.653085
2023-01-15,4.301,8.401,6.3968334
2023-01-16,1.0009999,6.4509997,4.70725
2023-01-17,-0.649,4.001,1.5301667
2023-01-18,-2.149,4.7009997,0.82391673
2023-01-19,-0.999,4.8009996,0.94475
2023-01-20,-0.94899994,6.0509996,1.6030833
2023-01-21,-1.7489998,3.801,0.60933346
2023-01-22,-1.2490001,4.251,0.76558346
2023-01-23,-0.24900001,2.7510002,1.4343334
2023-01-24,-1.4489999,2.951,1.2780834
2023-01-25,0.301,1.8010001,1.0385001
2023-01-26,1.701,6.8009996,3.648916
2023-01-27,2.901,5.401,3.9051664
2023-01-28,-1.349,4.2009997,2.2197502
2023-01-29,-0.599,5.501,2.9676666
2023-01-30,1.201,9.401,5.4364166
2023-01-31,0.801,8.901,5.2884994
2023-02-01,5.901,9.851,7.3593335
2023-02-02,5.0509996,10.451,7.509334
2023-02-03,6.151,10.750999,8.342667
2023-02-04,5.4509997,9.651,8.265584
2023-02-05,2.601,9.250999,6.580166
2023-02-06,0.051,6.9509997,2.955167
2023-02-07,-1.6989999,6.0509996,1.7009999
2023-02-08,-3.349,6.0509996,-0.2615001
2023-02-09,-4.2990003,7.101,0.8489167
2023-02-10,2.551,10.701,5.6197505
2023-02-11,0.75100005,8.201,5.0134997
2023-02-12,4.101,8.801,6.8926673
2023-02-13,0.201,12.000999,4.9009995
2023-02-14,-1.9989998,10.851,3.3364165
2023-02-15,-0.649,13.301,5.1364164
2023-02-16,5.351,11.750999,8.5885
2023-02-17,9.651,14.951,11.942665
2023-02-18,9.301,12.201,10.709332
2023-02-19,3.701,12.000999,9.05725
2023-02-20,3.601,10.401,6.1197505
2023-02-21,0.301,12.801,5.4093328
2023-02-22,6.2009997,10.201,8.332249
2023-02-23,3.0010002,9.701,6.159334
2023-02-24,4.351,9.401,6.176
2023-02-25,1.6010001,7.501,4.796832
2023-02-26,-0.84900004,5.2009997,2.0468335
2023-02-27,-1.599,5.9509997,1.901
2023-02-28,-1.9989998,5.651,1.61975
2023-03-01,-1.9989998,6.7009997,1.5176665
2023-03-02,-2.399,9.201,2.5801666
2023-03-03,-0.399,9.250999,3.328083
2023-03-04,-0.599,6.4509997,3.4447498
2023-03-05,3.101,6.751,4.8405824
2023-03-06,2.851,7.5509996,4.909333
2023-03-07,3.051,8.251,5.76975
2023-03-08,5.901,14.401,10.544749
2023-03-09,9.000999,14.301,11.29475
2023-03-10,2.801,10.351,6.9739175
2023-03-11,1.701,8.601,4.7572494
2023-03-12,9.000999,13.601,11.186417
2023-03-13,10.101,16.101,13.013501
2023-03-14,2.651,10.101,7.403084
2023-03-15,1.951,10.601,6.5759997
2023-03-16,5.151,16.201,10.376
2023-03-17,8.551,16.051,11.373917
2023-03-18,8.401,13.750999,10.559334
2023-03-19,3.201,10.801,8.184334
2023-03-20,3.151,12.451,8.559334
2023-03-21,7.351,14.801,10.85725
2023-03-22,8.451,13.401,10.892669
2023-03-23,11.000999,15.750999,12.946835
2023-03-24,8.750999,14.101,11.142666
2023-03-25,8.251,13.701,10.567667
2023-03-26,5.4509997,11.651,8.96975
2023-03-27,2.801,9.401,6.688501
2023-03-28,4.101,10.351,7.696833
2023-03-29,9.401,19.251,14.105166
2023-03-30,10.951,16.301,13.248917
2023-03-31,9.351,14.000999,11.446835
2023-04-01,7.851,12.901,10.09475
2023-04-02,6.651,9.951,8.126001
2023-04-03,3.201,11.551,7.146834
2023-04-04,0.901,10.601,5.4447503
2023-04-05,-0.649,13.451,7.4760003
2023-04-06,6.601,13.750999,9.655166
2023-04-07,5.001,12.551,8.588501
2023-04-08,2.001,13.651,8.103084
2023-04-09,1.8510001,17.001,10.092666
2023-04-10,8.251,15.250999,11.392666
2023-04-11,7.4509997,11.951,9.607249
2023-04-12,7.4509997,12.000999,9.484334
2023-04-13,4.901,11.451,7.736416
2023-04-14,3.551,9.151,6.7885003
2023-04-15,5.401,11.250999,8.788502
2023-04-16,2.7510002,14.151,8.530166
2023-04-17,3.0010002,13.000999,8.561416
2023-04-18,6.401,14.151,10.386416
2023-04-19,7.501,17.851,12.430168
2023-04-20,4.2009997,11.901,8.334332
2023-04-21,1.0009999,12.000999,7.061416
2023-04-22,4.4509997,16.501,10.423918
2023-04-23,7.4509997,13.551,10.357251
2023-04-24,6.601,13.451,9.611417
2023-04-25,5.101,10.951,8.309333
2023-04-26,5.851,11.750999,8.673917
2023-04-27,8.851,18.301,13.317665
2023-04-28,10.401,19.801,15.305168
2023-04-29,8.901,16.751,12.034333
2023-04-30,6.101,16.601,12.073916
2023-05-01,8.551,15.351,11.911418
2023-05-02,6.8009996,17.301,12.692665
2023-05-03,6.351,19.051,13.098918
2023-05-04,11.000999,21.701,16.017668
2023-05-05,11.851,19.251,15.09475
2023-05-06,11.351,18.051,14.736416
2023-05-07,10.101,18.101,14.765584
2023-05-08,8.351,18.051,13.786415
2023-05-09,10.101,16.701,13.682251
2023-05-10,9.250999,16.351,12.192666
2023-05-11,8.101,15.351,11.892666
2023-05-12,7.751,13.701,10.765582
2023-05-13,10.051,19.701,14.296832
2023-05-14,7.5509996,18.651,12.759334
2023-05-15,8.051,14.701,11.501
2023-05-16,5.2009997,14.701,10.453083
2023-05-17,5.3009996,16.001,11.288501
2023-05-18,6.9509997,16.251,11.523917
2023-05-19,6.4509997,18.051,12.746833
2023-05-20,9.301,19.051,14.538501
2023-05-21,11.401,19.751,15.663501
2023-05-22,11.451,19.401,15.028083
2023-05-23,9.250999,18.401,13.867668
2023-05-24,6.901,18.651,12.838501
2023-05-25,9.201,19.201,14.511415
2023-05-26,9.351,20.151,14.873917
2023-05-27,10.500999,22.251,16.698917
2023-05-28,11.500999,24.151,18.23225
2023-05-29,12.250999,22.051,16.780167
2023-05-30,10.651,20.951,15.640586
2023-05-31,10.750999,24.551,18.063501
2023-06-01,12.651,25.151,18.753084
2023-06-02,9.101,19.501,14.596835
2023-06-03,9.951,23.301,17.217667
2023-06-04,12.801,24.601,18.878084
2023-06-05,11.951,25.001,18.734333
2023-06-06,10.951,24.951,18.511415
2023-06-07,12.901,26.901,20.367666
2023-06-08,14.750999,26.251,21.15725
2023-06-09,16.351,28.851,23.2135
2023-06-10,17.951,27.101,22.628084
2023-06-11,17.201,23.901,20.04058
2023-06-12,15.451,23.451,19.417665
2023-06-13,14.951,27.951,21.592667
2023-06-14,14.250999,27.951,21.861418
2023-06-15,14.151,27.901,21.428083
2023-06-16,13.601,28.601,22.069748
2023-06-17,17.501,30.151,23.865585
2023-06-18,16.651,28.051,21.346834
2023-06-19,14.901,24.201,19.86975
2023-06-20,16.651,25.151,20.66142
2023-06-21,15.651,25.051,20.765583
2023-06-22,15.250999,23.601,19.63642
2023-06-23,13.651,25.851,19.928083
2023-06-24,13.451,27.201,21.182253
2023-06-25,16.551,31.501,23.755167
2023-06-26,14.651,22.451,18.613503
2023-06-27,12.901,23.601,18.5135
2023-06-28,13.401,24.651,19.986418
2023-06-29,15.951,23.751,19.913502
2023-06-30,13.051,23.351,18.484337
2023-07-01,15.851,21.451,18.79475
2023-07-02,13.301,22.151,17.486418
2023-07-03,13.601,22.301,18.113499
2023-07-04,10.901,21.951,17.115587
2023-07-05,11.401,20.251,15.903084
2023-07-06,10.851,24.951,18.307251
2023-07-07,14.000999,30.551,23.286417
2023-07-08,19.651,29.401,23.594751
2023-07-09,17.951,24.251,21.4385
2023-07-10,14.851,28.001,21.453085
2023-07-11,16.451,28.701,22.492662
2023-07-12,14.750999,22.951,19.109335
2023-07-13,13.551,22.901,18.603085
2023-07-14,14.051,29.701,22.540583
2023-07-15,17.251,25.001,21.323917
2023-07-16,15.000999,22.951,18.915585
2023-07-17,12.851,23.551,18.405165
2023-07-18,13.101,28.001,21.196833
2023-07-19,14.601,22.401,19.023918
2023-07-20,13.101,25.501,18.853085
2023-07-21,14.101,23.801,18.311417
2023-07-22,11.651,24.951,18.667665
2023-07-23,16.301,23.101,19.523918
2023-07-24,15.551,22.801,18.70725
2023-07-25,13.000999,20.301,16.542667
2023-07-26,11.101,23.101,17.973917
2023-07-27,17.851,23.651,19.050999
2023-07-28,17.851,23.951,20.0885
2023-07-29,15.851,24.451,19.576
2023-07-30,14.101,22.401,18.5635
2023-07-31,16.501,22.001,18.976
2023-08-01,14.401,21.151,18.353085
2023-08-02,16.651,21.701,19.063498
2023-08-03,14.601,19.101,16.909334
2023-08-04,13.051,20.601,16.621832
2023-08-05,12.201,19.551,15.542667
2023-08-06,13.051,19.051,15.653085
2023-08-07,12.151,20.651,16.580166
2023-08-08,14.301,22.951,18.257252
2023-08-09,15.951,22.501,19.013498
2023-08-10,14.301,26.701,20.842667
2023-08-11,17.501,26.601,21.159336
2023-08-12,17.751,24.601,20.986418
2023-08-13,15.301,22.651,19.090584
2023-08-14,14.351,25.701,20.36975
2023-08-15,15.701,23.201,19.315584
2023-08-16,16.551,25.801,20.823917
2023-08-17,16.851,27.651,22.296831
2023-08-18,17.951,30.201,24.180166
2023-08-19,17.801,28.351,23.876
2023-08-20,16.201,29.051,21.826004
2023-08-21,13.951,26.701,20.563503
2023-08-22,15.601,28.201,22.067665
2023-08-23,16.151001,31.651,24.38225
2023-08-24,20.101,28.401,23.39475
2023-08-25,15.250999,23.301,19.711416
2023-08-26,13.601,22.501,17.323917
2023-08-27,11.750999,20.201,15.884334
2023-08-28,12.351,20.351,16.157251
2023-08-29,11.651,20.851,15.992668
2023-08-30,13.250999,19.751,16.4135
2023-08-31,13.250999,19.201,16.026
2023-09-01,16.351,22.801,18.89475
2023-09-02,14.401,25.951,20.05725
2023-09-03,17.901,29.351,23.08225
2023-09-04,17.751,28.951,22.800997
2023-09-05,18.251,32.101,24.342669
2023-09-06,17.201,31.701,24.534334
2023-09-07,15.451,30.551,23.061417
2023-09-08,18.651,34.051003,26.013502
2023-09-09,18.451,34.301003,26.198915
2023-09-10,20.101,33.251003,25.788504
2023-09-11,17.751,26.051,20.855165
2023-09-12,17.051,22.501,18.844751
2023-09-13,14.851,22.801,18.60725
2023-09-14,12.051,23.901,17.928083
2023-09-15,14.250999,26.751,20.165585
2023-09-16,14.901,26.651,20.590582
2023-09-17,16.251,26.151,20.771833
2023-09-18,14.801,22.951,18.78225
2023-09-19,13.151,20.951,17.092667
2023-09-20,15.951,23.351,19.750998
2023-09-21,12.601,17.951,16.157251
2023-09-22,10.701,16.801,13.061417
2023-09-23,10.000999,17.751,13.313499
2023-09-24,8.101,19.951,14.125999
2023-09-25,11.101,23.601,17.005167
2023-09-26,14.000999,24.701,18.46975
2023-09-27,13.301,24.051,18.876
2023-09-28,13.551,21.351,18.20725
2023-09-29,11.351,20.651,17.684336
2023-09-30,9.000999,21.801,15.221833
2023-10-01,12.750999,25.801,18.419748
2023-10-02,12.801,27.951,20.771833
2023-10-03,12.101,21.351,17.134333
2023-10-04,9.851,18.401,13.6385
2023-10-05,7.5509996,18.801,13.390582
2023-10-06,8.001,21.651,13.8885
2023-10-07,10.201,24.301,16.323915
2023-10-08,9.651,26.501,17.042665
2023-10-09,10.101,24.751,16.484333
2023-10-10,10.551,28.001,18.188498
2023-10-11,12.000999,24.701,18.342667
2023-10-12,16.001,21.251,18.944748
2023-10-13,17.951,24.351,20.515583
2023-10-14,9.451,15.701,12.23225
2023-10-15,6.5509996,13.301,9.505167
2023-10-16,4.351,13.101,8.255167
2023-10-17,4.9509997,15.101,10.678082
2023-10-18,11.651,19.401,15.24475
2023-10-19,14.250999,20.551,16.717667
2023-10-20,12.851,17.051,14.492667
2023-10-21,10.951,14.500999,12.601001
2023-10-22,8.001,16.251,12.448917
2023-10-23,8.651,12.301,10.375999
2023-10-24,10.051,15.750999,12.573917
2023-10-25,10.551,15.750999,12.673917
2023-10-26,11.451,16.051,13.184333
2023-10-27,9.701,14.500999,11.546834
2023-10-28,10.101,14.851,12.690582
2023-10-29,11.101,15.601,12.998918
2023-10-30,8.750999,12.151,11.061418
2023-10-31,8.001,15.000999,11.576
2023-11-01,10.801,14.151,12.215584
2023-11-02,8.351,13.301,11.190585
2023-11-03,5.151,11.000999,8.417667
2023-11-04,7.751,14.351,10.734334
2023-11-05,9.201,13.201,10.89475
2023-11-06,7.851,12.701,9.496834
2023-11-07,6.251,12.151,8.598918
2023-11-08,6.4509997,12.301,9.803082
2023-11-09,7.901,11.951,9.567666
2023-11-10,6.4509997,11.401,8.409334
2023-11-11,5.601,11.651,7.659334
2023-11-12,6.151,14.000999,10.290584
2023-11-13,10.901,17.151,14.032252
2023-11-14,10.151,13.201,11.534332
2023-11-15,7.9509997,12.801,10.153083
2023-11-16,6.8009996,10.051,8.578084
2023-11-17,6.001,11.551,8.398917
2023-11-18,9.101,14.801,11.853084
2023-11-19,11.551,14.750999,12.986416
2023-11-20,8.500999,12.351,10.513501
2023-11-21,8.551,12.250999,10.036416
2023-11-22,4.151,9.750999,7.076
2023-11-23,8.301,13.351,10.992667
2023-11-24,2.651,11.701,8.755167
2023-11-25,1.8010001,7.751,4.5301666
2023-11-26,-0.048999995,7.001,3.5635002
2023-11-27,4.7009997,9.451,7.1197495
2023-11-28,0.851,7.2009997,4.7926655
2023-11-29,1.201,7.751,4.19475
2023-11-30,0.851,6.5509996,3.29475
2023-12-01,-2.199,4.051,1.4864168
2023-12-02,-3.649,3.651,-0.6385833
2023-12-03,-1.849,5.5509996,2.7697499
2023-12-04,3.5010002,9.750999,6.9426665
2023-12-05,5.501,7.9509997,6.9135
2023-12-06,0.95100003,7.601,4.3093333
2023-12-07,3.2510002,6.751,4.9968333
2023-12-08,6.401,10.551,7.4947495
2023-12-09,6.8009996,13.951,9.961416
2023-12-10,7.001,13.151,10.25725
2023-12-11,8.500999,12.750999,10.207249
2023-12-12,9.000999,13.151,10.890583
2023-12-13,6.401,9.750999,7.8780828
2023-12-14,6.501,7.851,7.3301663
2023-12-15,3.901,10.201,7.4864173
2023-12-16,1.951,9.701,4.7676663
2023-12-17,0.0010000169,6.901,2.39475
2023-12-18,-0.599,6.251,2.901
2023-12-19,4.501,10.551,7.546833
2023-12-20,4.8009996,9.750999,7.7468333
2023-12-21,9.551,12.451,10.717666
2023-12-22,9.250999,11.000999,10.126
2023-12-23,7.8009996,11.551,9.898917
2023-12-24,8.451,12.401,10.584332
2023-12-25,10.401,12.301,11.205167
2023-12-26,9.601,11.801,10.846833
2023-12-27,7.651,11.250999,9.509334
2023-12-28,8.101,11.451,9.801
2023-12-29,8.301,11.750999,9.8385
2023-12-30,6.751,11.701,9.29475
2023-12-31,7.251,10.500999,8.661417
2024-01-01,5.851,10.401,7.9968324
2024-01-02,9.701,12.301,11.415582
2024-01-03,8.451,11.250999,9.63225
2024-01-04,6.501,10.750999,8.846833
2024-01-05,3.301,8.801,6.3884997
2024-01-06,3.0010002,7.3009996,4.9655833
2024-01-07,0.0010000169,5.251,3.2718327
2024-01-08,-4.0490003,-0.449,-2.1073334
2024-01-09,-3.049,-1.3989999,-2.0969164
2024-01-10,-4.649,0.0010000169,-2.4406664
2024-01-11,-3.2489998,2.701,-1.0406666
2024-01-12,-0.24900001,3.7510002,1.9989166
2024-01-13,-2.099,-0.09899998,-1.0885831
2024-01-14,-2.9989998,0.601,-1.2781668
2024-01-15,-3.9490001,4.251,0.8280832
2024-01-16,-5.099,2.801,-1.8302499
2024-01-17,-0.69899994,2.651,0.67183334
2024-01-18,-4.899,1.901,-1.4115
2024-01-19,-5.2990003,3.7510002,-1.4906667
2024-01-20,-4.999,1.951,-1.8614997
2024-01-21,-1.049,9.401,5.1218324
2024-01-22,7.351,11.851,10.178083
2024-01-23,6.0509996,13.051,9.546834
2024-01-24,9.351,13.051,11.857251
2024-01-25,9.351,11.951,10.811417
2024-01-26,0.301,11.801,8.24475
2024-01-27,-1.299,7.601,2.4989166
2024-01-28,0.75100005,9.851,4.915583
2024-01-29,6.2009997,12.201,8.930166
2024-01-30,5.4509997,11.201,9.486418
2024-01-31,2.901,10.500999,6.759333
2024-02-01,2.551,11.151,8.825999
2024-02-02,2.151,9.250999,6.5030837
2024-02-03,8.851,11.000999,9.669749
2024-02-04,8.651,11.750999,9.884334
2024-02-05,6.751,9.651,8.430167
2024-02-06,7.5509996,12.201,9.971833
2024-02-07,10.551,12.750999,11.759335
2024-02-08,10.551,14.601,12.0530815
2024-02-09,8.951,13.500999,11.5009985
2024-02-10,6.651,9.951,8.336416
2024-02-11,5.2009997,10.250999,7.961418
2024-02-12,3.201,10.401,5.9614167
2024-02-13,2.251,11.051,7.009333
2024-02-14,10.301,15.401,12.144749
2024-02-15,9.851,17.701,13.234333
2024-02-16,7.2009997,14.000999,11.730166
2024-02-17,5.2009997,13.750999,9.767666
2024-02-18,7.8009996,12.551,10.153084
2024-02-19,7.751,12.000999,10.151
2024-02-20,7.151,11.951,8.971832
2024-02-21,8.251,11.651,9.6135
2024-02-22,4.901,13.801,10.6364155
2024-02-23,3.901,9.151,5.7155833
2024-02-24,1.3510001,8.851,4.6489162
2024-02-25,3.0010002,8.151,5.817667
2024-02-26,4.2009997,7.651,6.1697497
2024-02-27,1.6010001,10.151,5.890583
2024-02-28,0.701,10.851,6.359333
2024-02-29,6.651,12.151,9.890583
2024-03-01,3.651,10.000999,6.6468334
2024-03-02,4.001,9.301,5.736416
2024-03-03,1.7509999,9.500999,4.96975
2024-03-04,-0.34899998,10.551,5.4947495
2024-03-05,5.4509997,9.601,6.759333
2024-03-06,2.551,9.901,5.7801666
2024-03-07,1.7509999,12.500999,6.826
2024-03-08,2.601,12.750999,7.936416
2024-03-09,5.501,12.500999,8.346834
2024-03-10,3.851,10.500999,7.103083
2024-03-11,2.601,10.651,6.8572507
2024-03-12,6.3009996,13.401,9.565583
2024-03-13,8.151,14.351,11.080166
2024-03-14,5.9509997,17.551,11.68225
2024-03-15,10.951,16.101,12.830165
2024-03-16,8.951,14.351,11.515584
2024-03-17,10.101,15.500999,12.273915
2024-03-18,7.501,15.801,12.073917
2024-03-19,6.0509996,16.051,10.817666
2024-03-20,5.3009996,18.601,11.780167
2024-03-21,5.9509997,17.301,11.261416
2024-03-22,7.251,15.151,10.415584
2024-03-23,4.501,10.351,6.8385005
2024-03-24,2.851,10.951,6.5551662
2024-03-25,2.301,12.801,7.973917
2024-03-26,4.501,11.101,8.640585
2024-03-27,4.751,11.250999,7.588501
2024-03-28,4.751,11.451,8.609334
2024-03-29,6.3009996,14.051,9.986417
2024-03-30,6.2009997,12.801,9.171834
2024-03-31,5.251,15.401,9.346833
2024-04-01,5.401,13.500999,9.346833
2024-04-02,7.7009997,13.451,10.815583
2024-04-03,10.051,15.351,12.519752
2024-04-04,12.051,17.801,14.121834
2024-04-05,12.250999,18.551,15.057251
2024-04-06,13.301,22.601,16.976
2024-04-07,11.951,17.701,14.573915
2024-04-08,9.201,19.801,13.411415
2024-04-09,6.9509997,11.901,9.20725
2024-04-10,5.3009996,13.901,10.0635
2024-04-11,10.651,17.401,13.692668
2024-04-12,9.601,21.151,15.23225
2024-04-13,10.201,23.551,16.59475
2024-04-14,9.301,16.601,12.692668
2024-04-15,6.0509996,12.500999,8.792666
2024-04-16,5.401,12.401,8.880167
2024-04-17,4.051,10.451,6.9405837
2024-04-18,2.601,11.801,7.326
2024-04-19,5.3009996,12.051,9.142667
2024-04-20,3.551,9.901,6.578083
2024-04-21,3.351,10.801,6.9405837
2024-04-22,2.051,10.401,6.230167
2024-04-23,1.1010001,11.401,6.45725
2024-04-24,1.951,9.651,6.8655834
2024-04-25,-0.09899998,12.500999,7.053084
2024-04-26,3.151,15.101,9.428082
2024-04-27,7.901,15.151,11.39475
2024-04-28,7.501,14.701,11.140583
2024-04-29,4.851,17.251,11.461415
2024-04-30,9.201,16.901,13.050999
2024-05-01,10.101,17.701,13.348916
2024-05-02,9.601,15.101,11.430168
2024-05-03,8.001,15.051,11.192666
2024-05-04,6.001,14.851,10.698916
2024-05-05,9.000999,15.651,12.85725
2024-05-06,9.351,16.301,12.580167
2024-05-07,7.601,17.751,12.890583
2024-05-08,7.351,16.501,11.678084
2024-05-09,6.351,18.801,12.901001
2024-05-10,9.801,21.951,16.096832
2024-05-11,10.701,24.001,17.471834
2024-05-12,10.901,24.151,17.242666
2024-05-13,13.851,19.601,16.367666
2024-05-14,12.551,16.351,14.403084
2024-05-15,10.901,18.051,14.140584
2024-05-16,9.250999,17.551,13.561417
2024-05-17,8.151,17.751,13.534333
2024-05-18,9.801,18.951,14.6385
2024-05-19,9.750999,19.301,14.565583
2024-05-20,9.951,20.301,14.992665
2024-05-21,11.500999,17.451,14.192668
2024-05-22,10.500999,18.551,14.444751
2024-05-23,9.201,18.351,14.115582
2024-05-24,9.401,17.751,13.798919
2024-05-25,8.750999,19.451,14.742668
2024-05-26,12.101,19.951,15.746833
2024-05-27,9.951,15.951,13.24475
2024-05-28,9.701,16.751,14.130166
2024-05-29,13.301,17.651,15.226001
2024-05-30,11.201,15.000999,13.067666
2024-05-31,11.201,15.901,13.223916
2024-06-01,11.601,14.551,13.217666
2024-06-02,10.101,17.651,14.213501
2024-06-03,6.901,20.351,14.6239195
2024-06-04,10.401,21.801,16.255167
2024-06-05,10.101,18.101,14.467668
2024-06-06,6.251,17.301,12.509334
2024-06-07,6.0509996,19.101,13.248917
2024-06-08,7.751,18.451,13.419749
2024-06-09,8.001,19.301,13.615582
2024-06-10,8.451,15.651,12.280166
2024-06-11,6.651,15.551,11.640584
2024-06-12,5.8009996,16.651,12.0135
2024-06-13,6.501,18.601,13.765583
2024-06-14,11.951,20.201,15.621835
2024-06-15,10.000999,17.151,13.557248
2024-06-16,12.101,18.251,15.184334
2024-06-17,12.101,20.901,16.651003
2024-06-18,13.500999,21.551,17.505167
2024-06-19,14.701,20.001,16.95725
2024-06-20,13.801,21.551,17.671831
2024-06-21,14.451,21.901,18.180168
2024-06-22,11.151,19.251,15.780167
2024-06-23,8.801,21.451,16.125998
2024-06-24,11.851,25.001,19.223917
2024-06-25,15.651,27.301,21.88642
2024-06-26,15.901,28.201,22.388502
2024-06-27,16.051,24.551,21.015585
2024-06-28,11.701,20.401,16.5385
2024-06-29,11.000999,21.851,16.761415
2024-06-30,12.551,22.301,17.665583
2024-07-01,12.951,19.151,16.440584
2024-07-02,12.301,19.951,15.946834
2024-07-03,12.000999,19.701,15.942668
2024-07-04,13.101,20.151,16.753084
2024-07-05,11.851,24.101,18.30725
2024-07-06,11.250999,19.251,16.513498
2024-07-07,9.701,19.351,15.144752
2024-07-08,10.651,23.001,17.190584
2024-07-09,16.501,22.701,19.651
2024-07-10,16.501,23.901,20.123917
2024-07-11,14.551,23.051,18.305168
2024-07-12,13.250999,18.901,15.050999
2024-07-13,11.801,19.151,15.592668
2024-07-14,11.151,22.551,17.207249
2024-07-15,13.301,22.701,18.5885
2024-07-16,14.651,21.051,17.878084
2024-07-17,12.500999,23.951,18.626
2024-07-18,14.701,27.651,21.676
2024-07-19,17.751,31.201,24.528078
2024-07-20,16.451,29.251,22.4385
2024-07-21,15.701,23.551,19.79475
2024-07-22,13.051,24.001,19.048918
2024-07-23,15.101,21.601,18.9635
2024-07-24,12.851,24.251,19.423918
2024-07-25,14.601,26.751,21.192667
2024-07-26,17.451,22.351,20.011417
2024-07-27,13.500999,19.351,17.553087
2024-07-28,10.551,24.951,18.667665
2024-07-29,15.250999,29.301,22.351
2024-07-30,19.351,33.501003,26.509336
2024-07-31,20.201,30.651,25.580168
2024-08-01,19.601,28.551,23.246834
2024-08-02,16.451,25.351,20.894749
2024-08-03,14.401,23.401,19.259333
2024-08-04,14.851,23.001,18.778086
2024-08-05,13.051,27.651,20.576
2024-08-06,14.201,28.451,20.936415
2024-08-07,15.500999,22.701,19.0885
2024-08-08,16.451,27.351,21.392668
2024-08-09,15.851,24.751,20.628086
2024-08-10,12.951,27.651,20.509333
2024-08-11,16.501,31.001,24.192667
2024-08-12,20.801,35.551003,27.180166
2024-08-13,18.301,26.101,22.280167
2024-08-14,17.551,26.051,21.461416
2024-08-15,16.051,25.501,20.68225
2024-08-16,17.851,23.701,21.063501
2024-08-17,15.151,22.401,18.759333
2024-08-18,12.701,20.351,16.778082
2024-08-19,10.451,22.951,17.4385
2024-08-20,13.551,22.551,17.090584
2024-08-21,11.801,21.401,16.30725
2024-08-22,11.901,24.601,18.5385
2024-08-23,17.001,23.701,20.528082
2024-08-24,14.301,27.351,19.844753
2024-08-25,11.201,21.051,16.194752
2024-08-26,11.000999,22.251,16.86975
2024-08-27,12.651,25.901,19.011415
2024-08-28,13.151,30.601,21.811417
2024-08-29,15.951,24.701,19.592667
2024-08-30,14.701,20.551,17.673914
2024-08-31,15.951,23.501,19.601
2024-09-01,17.951,27.901,22.396835
2024-09-02,16.401,23.651,19.763498
2024-09-03,14.351,22.701,18.871834
2024-09-04,12.651,21.801,17.134333
2024-09-05,12.250999,16.001,14.907253
2024-09-06,10.500999,23.001,16.794752
2024-09-07,14.750999,21.451,17.853083
2024-09-08,13.201,20.301,16.346834
2024-09-09,12.651,19.201,15.834332
2024-09-10,11.051,17.701,14.803082
2024-09-11,9.651,16.251,13.611419
2024-09-12,8.001,15.051,11.176
2024-09-13,6.9509997,16.101,11.107249
2024-09-14,5.251,16.901,11.0885
2024-09-15,6.501,18.001,12.332249
2024-09-16,9.500999,19.051,14.60725
2024-09-17,11.000999,20.651,15.759334
2024-09-18,13.101,22.901,17.871832
2024-09-19,15.101,24.351,19.155169
2024-09-20,13.201,21.101,16.523918
2024-09-21,12.951,22.851,17.486418
2024-09-22,15.301,21.151,17.2135
2024-09-23,12.750999,19.251,15.46975
2024-09-24,12.601,17.451,14.757251
2024-09-25,12.801,16.901,14.6385
2024-09-26,12.551,18.851,15.726002
2024-09-27,10.401,15.101,12.276001
2024-09-28,6.651,13.801,9.83225
2024-09-29,5.401,13.851,9.973918
2024-09-30,12.651,17.851,15.067666
2024-10-01,11.301,17.151,13.653084
2024-10-02,10.401,16.551,13.453082
2024-10-03,7.7009997,15.301,11.773915
2024-10-04,4.601,15.750999,10.05725
2024-10-05,4.901,16.551,10.836417
2024-10-06,10.401,18.401,13.930168
2024-10-07,12.151,18.251,15.023915
2024-10-08,12.551,18.951,15.109333
2024-10-09,12.401,14.601,13.544749
2024-10-10,7.901,15.101,11.938499
2024-10-11,5.401,14.201,9.530168
2024-10-12,8.101,15.201,11.898918
2024-10-13,8.651,14.151,11.340583
2024-10-14,10.250999,20.201,14.165585
2024-10-15,11.651,19.101,15.398917
2024-10-16,15.301,23.501,18.800999
2024-10-17,13.750999,17.701,15.617667
2024-10-18,10.500999,17.201,13.928082
2024-10-19,10.351,16.751,12.796833
2024-10-20,10.250999,18.101,14.632251
2024-10-21,10.051,17.451,14.253083
2024-10-22,8.001,15.851,11.265584
2024-10-23,5.251,16.051,9.815583
2024-10-24,6.5509996,18.201,12.276
2024-10-25,11.500999,17.701,14.5405855
2024-10-26,11.651,15.401,13.338501
2024-10-27,12.750999,16.151001,14.167666
2024-10-28,9.451,17.151,12.91975
2024-10-29,9.351,14.851,11.936416
2024-10-30,10.701,15.151,12.9385
2024-10-31,10.551,15.451,12.388501
2024-11-01,10.301,12.451,11.409333
2024-11-02,9.701,11.651,10.946835
2024-11-03,9.101,13.000999,10.561418
2024-11-04,7.9509997,13.000999,9.961415
2024-11-05,9.051,13.551,11.465584
2024-11-06,9.250999,12.250999,10.651
2024-11-07,10.000999,13.301,11.269749
2024-11-08,7.851,10.651,9.538501
2024-11-09,9.801,13.301,11.390583
2024-11-10,6.251,12.250999,10.061416
2024-11-11,6.401,13.750999,9.923918
2024-11-12,6.351,10.551,8.5135
2024-11-13,4.001,9.601,7.1635013
2024-11-14,3.901,12.551,8.665584
2024-11-15,5.651,10.551,8.140584
2024-11-16,4.351,10.051,6.9301677
2024-11-17,5.101,11.051,8.280168
2024-11-18,7.351,11.101,9.642667
2024-11-19,4.151,11.451,9.617667
2024-11-20,0.451,6.851,3.25725
2024-11-21,-3.199,1.0009999,0.12808335
2024-11-22,-2.349,3.201,1.2968335
2024-11-23,0.851,13.301,6.1593328
2024-11-24,12.051,18.051,15.596836
2024-11-25,7.2009997,17.251,11.640583
2024-11-26,7.001,10.601,8.148917
2024-11-27,6.751,14.451,10.598918
2024-11-28,3.101,9.000999,5.9135
2024-11-29,1.6010001,8.401,4.00725
2024-11-30,1.5510001,10.151,5.9843335
2024-12-01,4.2009997,12.250999,8.605166
2024-12-02,5.9509997,11.801,9.834332
2024-12-03,2.551,9.000999,5.542667
2024-12-04,2.851,7.601,4.7739167
2024-12-05,5.101,13.401,9.28225
2024-12-06,6.901,11.701,9.051
2024-12-07,5.901,11.951,8.707251
2024-12-08,6.601,8.301,7.3468337
2024-12-09,4.401,7.001,5.707249
2024-12-10,4.5509996,6.3009996,5.3884997
2024-12-11,4.301,6.251,5.053083
2024-12-12,2.951,4.8009996,4.0072494
2024-12-13,-1.849,4.151,1.6905833
2024-12-14,-1.9489999,5.751,2.2093334
2024-12-15,2.551,10.301,7.40725
2024-12-16,8.251,11.151,9.286417
2024-12-17,5.5509996,8.901,7.5655837
2024-12-18,8.101,14.301,11.992667
2024-12-19,2.651,13.250999,7.5447507
2024-12-20,2.701,8.401,5.4614162
2024-12-21,6.8009996,11.351,9.103084
2024-12-22,3.101,10.801,6.086416
2024-12-23,5.001,7.751,6.230166
2024-12-24,5.5509996,10.601,8.578082
2024-12-25,8.451,10.901,9.778083
2024-12-26,2.551,9.701,7.248918
2024-12-27,-0.599,5.601,1.7051668
2024-12-28,-0.449,1.7509999,0.8114166
2024-12-29,1.6010001,6.151,3.8968327
2024-12-30,2.851,5.3009996,4.0843334
2024-12-31,2.5010002,6.4509997,4.6634994
2025-01-01,4.8009996,10.201,7.7489166
2025-01-02,-1.099,7.751,3.3343334
2025-01-03,-3.199,4.101,-0.31774986
2025-01-04,-3.449,2.201,-0.67816687
2025-01-05,5.751,12.701,10.617667
2025-01-06,4.651,12.750999,8.68225
2025-01-07,2.851,7.151,4.6426663
2025-01-08,1.901,11.151,5.3051677
2025-01-09,1.651,9.851,5.0905824
2025-01-10,-0.84900004,5.501,2.7989168
2025-01-11,-2.2489998,2.701,0.41350004
2025-01-12,-1.8989999,3.451,0.05308336
2025-01-13,-3.099,3.951,-0.32816657
2025-01-14,-4.2990003,4.4509997,-1.1510831
2025-01-15,-1.7489998,6.351,3.326
2025-01-16,-0.79899997,5.9509997,3.6301663
2025-01-17,-1.299,4.5509996,2.4364166
2025-01-18,-2.099,2.001,0.3718333
2025-01-19,-2.599,2.351,0.76766676
2025-01-20,-2.949,1.8010001,-0.30525
2025-01-21,-2.899,4.901,0.67183334
2025-01-22,1.2509999,7.2009997,4.186416
2025-01-23,3.301,8.301,6.1530824
2025-01-24,7.851,11.201,9.448916
2025-01-25,1.6010001,11.151,7.328083
2025-01-26,0.15100001,9.801,4.884333
2025-01-27,7.3009996,11.851,9.09475
2025-01-28,6.751,11.051,8.032249
2025-01-29,4.401,7.651,6.811416
2025-01-30,0.651,7.901,5.3405833
2025-01-31,-0.449,4.351,2.476
2025-02-01,-1.6989999,6.351,1.8218331
2025-02-02,-2.7489998,6.851,0.8676668
2025-02-03,-1.599,5.851,0.7155834
2025-02-04,-1.799,6.3009996,1.9510001
2025-02-05,0.901,8.251,4.496834
2025-02-06,0.50100005,6.101,3.742667
2025-02-07,2.851,5.501,3.7030838
2025-02-08,2.851,6.401,4.6864166
2025-02-09,1.0009999,5.601,3.1989167
2025-02-10,3.101,5.351,3.905166
2025-02-11,-0.199,6.2009997,3.41975
2025-02-12,-0.34899998,5.8009996,3.3155832
2025-02-13,2.001,6.5509996,4.29475
2025-02-14,-1.4489999,5.2009997,0.9676666
2025-02-15,-2.549,4.651,0.5030834
2025-02-16,-1.6489999,6.351,1.5864167
2025-02-17,-1.8989999,6.9509997,1.7009999
2025-02-18,-1.2490001,8.251,3.0822499
2025-02-19,-0.048999995,10.701,5.6864166
2025-02-20,7.151,15.000999,10.903084
2025-02-21,9.351,15.500999,12.294749
2025-02-22,5.501,12.750999,9.715584
2025-02-23,4.301,13.601,8.917667
2025-02-24,7.351,12.351,10.228085
2025-02-25,5.101,8.851,7.4093337
2025-02-26,2.901,10.601,6.2718334
2025-02-27,1.5510001,9.451,5.2155833
2025-02-28,0.15100001,8.500999,4.1572495
2025-03-01,0.15100001,7.101,3.2134998
2025-03-02,0.051,10.351,4.2884994
2025-03-03,-1.6989999,11.351,4.0551662
2025-03-04,-1.1989999,12.201,4.917667
2025-03-05,-0.499,16.251,6.759333
2025-03-06,3.201,15.901,9.067666
2025-03-07,7.3009996,16.351,10.867665
2025-03-08,6.351,17.201,11.142666
2025-03-09,7.101,14.701,10.973916
2025-03-10,5.501,12.451,9.684335
2025-03-11,2.601,9.951,5.8468337
2025-03-12,0.201,7.401,3.9447498
2025-03-13,-0.199,7.4509997,3.1197493
2025-03-14,-1.549,7.9509997,2.9843333
2025-03-15,-0.399,8.051,3.7134998
2025-03-16,0.601,10.151,5.1801667
2025-03-17,0.201,11.301,5.4780827
2025-03-18,1.051,11.401,6.0322495
2025-03-19,4.101,16.451,9.807249
2025-03-20,4.2009997,18.401,11.3885
2025-03-21,8.651,18.551,12.715584
2025-03-22,9.901,15.750999,11.819751
2025-03-23,6.001,13.151,9.036416
2025-03-24,5.501,14.701,9.95725
2025-03-25,6.0509996,13.301,9.163499
2025-03-26,5.7009997,14.951,10.442667
2025-03-27,1.8510001,14.701,8.173916
2025-03-28,5.0509996,12.401,7.948917
2025-03-29,4.151,12.651,7.9301667
2025-03-30,4.401,14.651,9.769751
2025-03-31,3.101,14.101,8.540584
2025-04-01,4.251,14.201,9.021833
2025-04-02,6.0509996,15.500999,10.486416
2025-04-03,7.101,19.201,13.073917
2025-04-04,10.101,21.901,15.234334
2025-04-05,9.000999,22.101,14.903083
2025-04-06,6.751,16.751,11.246834
2025-04-07,3.0010002,15.451,8.776
2025-04-08,2.201,16.901,9.56975
2025-04-09,4.501,16.401,10.317668
2025-04-10,3.851,14.401,9.148916
2025-04-11,3.401,19.301,11.430167
2025-04-12,7.2009997,19.901,12.940583
2025-04-13,9.000999,16.251,12.963501
2025-04-14,5.901,17.151,12.336418
2025-04-15,8.301,16.951,12.875999
2025-04-16,6.5509996,14.551,10.203082
2025-04-17,4.2009997,16.351,10.251
2025-04-18,5.5509996,17.601,12.142665
2025-04-19,9.051,17.951,13.253083
2025-04-20,9.951,15.250999,12.265583
2025-04-21,7.401,15.901,11.686417
2025-04-22,6.001,16.301,11.040584
2025-04-23,8.351,14.750999,10.840583
2025-04-24,6.8009996,15.301,11.255166
2025-04-25,4.751,15.351,10.553083
2025-04-26,7.101,18.301,12.655167
2025-04-27,7.751,20.001,13.555167
2025-04-28,7.251,22.851,15.455166
2025-04-29,9.151,24.351,17.0885
2025-04-30,9.451,27.001,18.91767
2025-05-01,11.851,27.901,20.1635
2025-05-02,12.851,26.401,20.173914
2025-05-03,13.401,23.001,17.851
2025-05-04,7.601,15.000999,11.444751
2025-05-05,4.851,12.750999,9.301
2025-05-06,6.501,15.500999,10.903083
2025-05-07,6.651,16.451,11.315583
2025-05-08,7.851,17.251,12.692666
2025-05-09,8.251,18.851,13.717667
2025-05-10,8.251,22.601,15.809333
2025-05-11,12.500999,22.401,16.434334
2025-05-12,10.750999,18.751,14.7635
2025-05-13,8.551,20.851,14.442668
2025-05-14,9.401,23.101,16.601002
2025-05-15,7.7009997,17.551,12.73225
2025-05-16,7.151,19.001,13.103085
2025-05-17,8.851,17.501,12.903083
2025-05-18,6.0509996,19.501,13.121834
2025-05-19,6.751,20.501,14.223915
2025-05-20,9.201,23.051,16.4635
2025-05-21,10.201,15.951,12.569748
2025-05-22,8.401,18.551,13.036418
2025-05-23,8.251,18.601,13.015583
2025-05-24,6.601,19.651,14.601001
2025-05-25,11.551,20.051,16.036417
2025-05-26,9.801,18.101,14.465583
2025-05-27,11.701,19.301,16.059334
2025-05-28,12.000999,20.251,16.303083
2025-05-29,10.051,23.051,17.409334
2025-05-30,12.151,27.751,20.634335
2025-05-31,14.051,26.951,20.213503
2025-06-01,13.250999,21.451,17.126
2025-06-02,12.701,20.751,16.665583
2025-06-03,9.851,22.351,17.465582
2025-06-04,14.201,19.901,16.609335
2025-06-05,12.651,18.651,15.432251
2025-06-06,12.801,19.901,15.905168
2025-06-07,12.801,18.451,15.192666
2025-06-08,10.451,17.901,13.9635
2025-06-09,7.5509996,20.901,15.017666
2025-06-10,8.801,21.501,16.194752
2025-06-11,11.401,26.251,19.478085
2025-06-12,16.451,29.051,22.505167
2025-06-13,16.451,30.201,22.91767
2025-06-14,16.851,24.651,20.851004
2025-06-15,13.401,21.901,17.794752
2025-06-16,10.051,23.451,17.611416
2025-06-17,12.051,26.351,19.923918
2025-06-18,12.750999,26.551,20.26975
2025-06-19,14.851,28.401,22.388502
2025-06-20,16.751,29.401,23.203081
2025-06-21,16.151001,32.751003,25.455168
2025-06-22,18.301,27.551,22.886415
2025-06-23,14.601,23.051,18.71975
2025-06-24,11.601,28.601,20.334335
2025-06-25,15.151,31.851,22.251001
2025-06-26,17.301,23.901,20.7135
2025-06-27,18.301,25.951,21.888502
2025-06-28,16.451,27.251,22.073915
2025-06-29,15.901,28.251,22.351
2025-06-30,18.401,33.251003,26.186419
2025-07-01,21.151,36.201,28.53225
2025-07-02,16.301,28.851,21.546835
2025-07-03,13.351,24.501,19.14892
2025-07-04,10.951,26.101,19.140585
2025-07-05,11.901,25.201,19.190584
2025-07-06,14.601,19.601,16.784334
2025-07-07,13.101,17.801,15.6780815
2025-07-08,11.750999,20.251,15.8635
2025-07-09,9.101,24.051,17.321835
2025-07-10,12.401,27.551,20.526
2025-07-11,15.250999,28.701,22.555166
2025-07-12,15.750999,28.501,22.763502
2025-07-13,15.901,29.651,23.171835
2025-07-14,16.851,26.401,21.02392
2025-07-15,15.000999,23.301,19.455166
2025-07-16,17.751,21.151,19.384335
2025-07-17,17.501,26.951,21.573914
2025-07-18,17.801,30.251,23.628084
2025-07-19,19.251,26.851,22.530167
2025-07-20,16.001,22.651,18.815584
2025-07-21,15.651,21.001,18.017668
2025-07-22,15.451,21.701,18.66767
2025-07-23,13.901,20.351,17.167665
2025-07-24,14.051,22.551,18.255169
2025-07-25,15.901,24.451,19.888498
2025-07-26,14.601,25.251,19.190584
2025-07-27,15.851,22.201,18.009336
2025-07-28,13.451,22.101,17.965584
2025-07-29,12.651,21.351,17.351
2025-07-30,15.301,23.601,19.032251
2025-07-31,14.451,24.601,19.128082
2025-08-01,13.750999,22.151,18.396835
2025-08-02,12.500999,21.801,16.813501
2025-08-03,10.101,26.251,18.2635
2025-08-04,18.001,28.751,22.194748
2025-08-05,13.451,22.001,18.528084
2025-08-06,11.401,23.851,17.928085
2025-08-07,13.301,28.601,21.434334
2025-08-08,15.000999,26.701,20.701002
2025-08-09,14.551,25.901,19.703081
2025-08-10,11.551,27.351,19.853085
2025-08-11,14.151,31.051,23.096832
2025-08-12,18.101,32.901,25.665583
2025-08-13,17.451,33.701,24.996834
2025-08-14,17.901,27.901,22.486418
2025-08-15,14.851,29.651,22.255165
2025-08-16,16.701,26.901,21.794748
2025-08-17,14.000999,26.001,20.223917
2025-08-18,14.951,27.651,21.484335
2025-08-19,16.201,27.651,21.365583
2025-08-20,15.301,22.651,19.0385
2025-08-21,13.401,22.501,17.811417
2025-08-22,10.651,20.951,15.780167
2025-08-23,9.701,23.701,16.7885
2025-08-24,11.351,23.501,17.76975
2025-08-25,10.851,28.601,20.088503
2025-08-26,16.401,28.201,21.298918
2025-08-27,15.201,24.951,20.446833
2025-08-28,15.301,23.151,18.123919
2025-08-29,14.851,22.051,17.221834
2025-08-30,13.301,22.351,18.055166
2025-08-31,14.901,21.451,18.430166
2025-09-01,12.851,22.101,16.161417
2025-09-02,11.851,20.151,15.730166
2025-09-03,16.051,24.401,18.9885
2025-09-04,13.851,21.051,16.978083
2025-09-05,11.351,21.701,16.492666
2025-09-06,11.351,24.351,17.942667
2025-09-07,14.601,29.051,21.584333
2025-09-08,14.201,22.601,18.223917
2025-09-09,10.750999,21.901,16.280169
2025-09-10,10.500999,20.151,14.901
2025-09-11,12.750999,19.951,15.457252
2025-09-12,11.151,19.701,14.961417
2025-09-13,12.301,19.501,14.905166
2025-09-14,11.701,21.651,16.563501
2025-09-15,13.951,19.801,16.911417
2025-09-16,11.951,18.951,15.005168
2025-09-17,11.901,21.651,16.451002
2025-09-18,12.651,24.101,17.588501
2025-09-19,11.401,30.051,20.065582
2025-09-20,14.601,24.551,20.205168
2025-09-21,11.451,18.151,14.630165
2025-09-22,9.250999,16.551,12.721832
2025-09-23,9.951,16.151001,12.2635
2025-09-24,10.151,12.201,10.990584
2025-09-25,9.801,13.701,11.357249
2025-09-26,8.301,13.401,10.884332
2025-09-27,6.4509997,15.951,11.769752
2025-09-28,6.9509997,18.851,12.782249
2025-09-29,7.7009997,19.201,13.278084
2025-09-30,7.851,18.551,12.575999
2025-10-01,7.101,19.151,12.715584
2025-10-02,7.251,18.501,12.882251
2025-10-03,11.451,17.701,14.201001
2025-10-04,10.551,18.401,14.14475
2025-10-05,10.500999,16.051,12.671833
2025-10-06,9.701,16.401,12.8135
2025-10-07,8.750999,18.501,13.005168
2025-10-08,7.9509997,17.501,12.386416
2025-10-09,11.601,18.001,14.342668
2025-10-10,8.251,15.101,11.9885
2025-10-11,10.651,17.701,13.83225
2025-10-12,8.551,17.701,12.332252
2025-10-13,9.601,15.951,13.138501
2025-10-14,10.250999,16.451,13.636417
2025-10-15,11.351,14.851,13.155167
2025-10-16,9.351,14.651,12.384335
2025-10-17,8.301,16.451,11.832249
2025-10-18,6.7009997,15.801,10.834332
2025-10-19,8.601,14.901,11.878083
2025-10-20,12.351,16.901,14.159333
2025-10-21,11.051,16.901,13.530168
